sample_id,split,method,strategy,mae_bpm,rmse_bpm,pearson_r,bias_bpm,snr_db,n_windows
ubfc_d1_10-gt_vid_3440368f,train,green,single_forehead,2.9148418719951925,3.7538746543193704,-0.24904882343768697,-2.603374774639423,-1.9324855595739825,13
ubfc_d1_10-gt_vid_3440368f,train,green,single_left_cheek,3.070575420673077,3.8748944216345986,-0.48030844520125354,-2.603374774639423,2.8111325761498787,13
ubfc_d1_10-gt_vid_3440368f,train,green,single_right_cheek,3.072436992938702,3.8753748913187263,-0.5846128222154677,-2.4495027982271633,-4.008248461321821,13
ubfc_d1_10-gt_vid_3440368f,train,green,average_fusion,3.070575420673077,3.8748944216345986,-0.48030844520125354,-2.603374774639423,1.471947949799732,13
ubfc_d1_10-gt_vid_3440368f,train,green,quality_weighted_fusion,3.070575420673077,3.8748944216345986,-0.48030844520125354,-2.603374774639423,1.5779242428555451,13
ubfc_d1_10-gt_vid_3440368f,train,green,signal_extraction_baseline,3.0702767005333533,3.874516511176002,-0.48030844520125354,-2.6028049175555887,1.471947966301594,13
ubfc_d1_10-gt_vid_3440368f,train,chrom,single_forehead,16.144145085261417,16.219461173022786,0.8820310096755868,-16.144145085261417,-11.138236263579646,13
ubfc_d1_10-gt_vid_3440368f,train,chrom,single_left_cheek,24.607126382681038,25.101007788401958,-0.3031325744820944,-24.607126382681038,-11.878994921187791,13
ubfc_d1_10-gt_vid_3440368f,train,chrom,single_right_cheek,15.990272815410908,16.323574980662784,-0.8820310096755868,-15.990272815410908,-6.958053628739107,13
ubfc_d1_10-gt_vid_3440368f,train,chrom,average_fusion,18.606103750375603,18.90772367756996,-0.5702774876416423,-18.606103750375603,-8.732737210545011,13
ubfc_d1_10-gt_vid_3440368f,train,chrom,quality_weighted_fusion,16.605762481689453,16.714444178407756,0.5953833425895552,-16.605762481689453,-9.209019745995409,13
ubfc_d1_10-gt_vid_3440368f,train,chrom,signal_extraction_baseline,18.605658311110275,18.907286991852487,-0.5702772273948973,-18.605658311110275,-8.732737207273875,13
ubfc_d1_10-gt_vid_3440368f,train,pos,single_forehead,3.072436992938702,3.8753748913187263,-0.5846128222154677,-2.4495027982271633,5.451993996915958,13
ubfc_d1_10-gt_vid_3440368f,train,pos,single_left_cheek,3.070575420673077,3.8748944216345986,-0.48030844520125354,-2.603374774639423,5.468271532318674,13
ubfc_d1_10-gt_vid_3440368f,train,pos,single_right_cheek,3.072436992938702,3.8753748913187263,-0.5846128222154677,-2.4495027982271633,5.04840525732819,13
ubfc_d1_10-gt_vid_3440368f,train,pos,average_fusion,3.070575420673077,3.8748944216345986,-0.48030844520125354,-2.603374774639423,6.198693716062063,13
ubfc_d1_10-gt_vid_3440368f,train,pos,quality_weighted_fusion,3.070575420673077,3.8748944216345986,-0.48030844520125354,-2.603374774639423,6.114286374801584,13
ubfc_d1_10-gt_vid_3440368f,train,pos,signal_extraction_baseline,3.0702767005333533,3.874516511176002,-0.48030844520125354,-2.6028049175555887,6.1986937196473955,13
ubfc_d1_11-gt_vid_97458e9b,train,green,single_forehead,1.2603819274902344,1.490104570078485,0.7735139849768198,-0.8923655700683594,-4.459030560852771,50
ubfc_d1_11-gt_vid_97458e9b,train,green,single_left_cheek,1.261397705078125,1.491134023106772,0.7184925357266136,-0.7723458862304687,-5.049598833402281,50
ubfc_d1_11-gt_vid_97458e9b,train,green,single_right_cheek,1.3014248657226561,1.517744423823881,0.7151236619406811,-0.7723455810546875,-3.388374180067175,50
ubfc_d1_11-gt_vid_97458e9b,train,green,average_fusion,1.3008863830566406,1.517389530029485,0.7228265567325589,-0.8123524475097657,-3.861708306610445,50
ubfc_d1_11-gt_vid_97458e9b,train,green,quality_weighted_fusion,1.3008863830566406,1.517389530029485,0.7228265567325589,-0.8123524475097657,-4.004825015297834,50
ubfc_d1_11-gt_vid_97458e9b,train,green,signal_extraction_baseline,1.3006607055664063,1.517052872866915,0.7228261522944529,-0.8117160034179688,-3.8617082540009955,50
ubfc_d1_11-gt_vid_97458e9b,train,chrom,single_forehead,29.01715805053711,29.720167706292784,-0.6301358066344254,-29.01715805053711,-9.37081673204043,50
ubfc_d1_11-gt_vid_97458e9b,train,chrom,single_left_cheek,30.577424392700195,30.630725008420455,0.7796828632750505,-30.577424392700195,-24.710108436386395,50
ubfc_d1_11-gt_vid_97458e9b,train,chrom,single_right_cheek,25.41654541015625,26.112188659168975,0.1146329439246427,-25.41654541015625,-9.149118832572789,50
ubfc_d1_11-gt_vid_97458e9b,train,chrom,average_fusion,32.09768371582031,32.30664909985329,-0.31671644506041763,-32.09768371582031,-8.82070423053528,50
ubfc_d1_11-gt_vid_97458e9b,train,chrom,quality_weighted_fusion,30.577424468994142,30.707682581028,0.12567871907844885,-30.577424468994142,-9.210049619304677,50
ubfc_d1_11-gt_vid_97458e9b,train,chrom,signal_extraction_baseline,32.09730529785156,32.306275322248155,-0.3167165349938387,-32.09730529785156,-8.820704153857205,50
ubfc_d1_11-gt_vid_97458e9b,train,pos,single_forehead,1.3008863830566406,1.517389530029485,0.7228265567325589,-0.8123524475097657,0.6177841052403916,50
ubfc_d1_11-gt_vid_97458e9b,train,pos,single_left_cheek,1.300872802734375,1.5173806779141583,0.7176752208301156,-0.8123526000976562,0.35780436560423295,50
ubfc_d1_11-gt_vid_97458e9b,train,pos,single_right_cheek,1.339822998046875,1.5428407525257244,0.731714937760924,-0.8923660278320312,3.734398981383743,50
ubfc_d1_11-gt_vid_97458e9b,train,pos,average_fusion,1.339822998046875,1.5428407525257244,0.731714937760924,-0.8923660278320312,2.930599973628013,50
ubfc_d1_11-gt_vid_97458e9b,train,pos,quality_weighted_fusion,1.339822998046875,1.5428407525257244,0.731714937760924,-0.8923660278320312,2.287066635191828,50
ubfc_d1_11-gt_vid_97458e9b,train,pos,signal_extraction_baseline,1.3395462036132812,1.542476696352136,0.7317145787216142,-0.8917303466796875,2.9305999479948803,50
ubfc_d1_12-gt_vid-040_eddd5a70,test,green,single_forehead,12.295230361650574,19.979986491910214,0.5539816623492683,-11.721823494389373,-4.22346813208616,53
ubfc_d1_12-gt_vid-040_eddd5a70,test,green,single_left_cheek,17.314336092966908,24.7388737038558,0.15185746515157766,-16.741545911105174,-5.8784249756326545,53
ubfc_d1_12-gt_vid-040_eddd5a70,test,green,single_right_cheek,12.295230073748895,20.0665869347733,0.5559633670626806,-11.872791938061985,-4.2427036599540005,53
ubfc_d1_12-gt_vid-040_eddd5a70,test,green,average_fusion,10.408115890790832,17.61172928869912,0.7552970312216133,-9.910193389316774,-3.3446161440436195,53
ubfc_d1_12-gt_vid-040_eddd5a70,test,green,quality_weighted_fusion,10.408115890790832,17.61172928869912,0.7552970312216133,-9.910193389316774,-3.172002097219642,53
ubfc_d1_12-gt_vid-040_eddd5a70,test,green,signal_extraction_baseline,10.40778264459574,17.611451585061737,0.7552970544913813,-9.909507751464844,-3.3446161695175376,53
ubfc_d1_12-gt_vid-040_eddd5a70,test,chrom,single_forehead,49.23765002556567,49.400631016179105,0.18969165308489752,-49.23765002556567,-12.300757231956993,53
ubfc_d1_12-gt_vid-040_eddd5a70,test,chrom,single_left_cheek,49.3886185412137,49.476932789113675,0.143426821933691,-49.3886185412137,-14.005105077825721,53
ubfc_d1_12-gt_vid-040_eddd5a70,test,chrom,single_right_cheek,46.85988559363023,46.93836615390514,0.36129603722806175,-46.85988559363023,-11.595022768863,53
ubfc_d1_12-gt_vid-040_eddd5a70,test,chrom,average_fusion,47.841185371830775,48.108838744591495,-0.31743993251228514,-47.841185371830775,-11.560582763594363,53
ubfc_d1_12-gt_vid-040_eddd5a70,test,chrom,quality_weighted_fusion,46.859886241409015,47.127761761654725,-0.36004957616873107,-46.859886241409015,-11.712359532469517,53
ubfc_d1_12-gt_vid-040_eddd5a70,test,chrom,signal_extraction_baseline,47.84080800470316,48.10846645854727,-0.31743996612946757,-47.84080800470316,-11.560582778508548,53
ubfc_d1_12-gt_vid-040_eddd5a70,test,pos,single_forehead,1.9584632729584317,2.3505794780134828,0.4473868993750557,-0.7010780190521816,1.9323410111752186,53
ubfc_d1_12-gt_vid-040_eddd5a70,test,pos,single_left_cheek,9.617258611715064,18.6493325640797,0.37224014100332825,-8.92889461877211,-2.3567772871788706,53
ubfc_d1_12-gt_vid-040_eddd5a70,test,pos,single_right_cheek,1.732594759959095,2.0786847565119873,0.5354066016475307,-0.5878507506172612,4.416789972798039,53
ubfc_d1_12-gt_vid-040_eddd5a70,test,pos,average_fusion,1.7703370868035082,2.1144098711232,0.5291666994950438,-0.6255930774616745,2.5484461965281717,53
ubfc_d1_12-gt_vid-040_eddd5a70,test,pos,quality_weighted_fusion,1.7703370868035082,2.1144098711232,0.5291666994950438,-0.6255930774616745,3.7230970638910685,53
ubfc_d1_12-gt_vid-040_eddd5a70,test,pos,signal_extraction_baseline,1.7701820517485995,2.114188333073158,0.5291670189262248,-0.6248325851728331,2.5484462068499574,53
ubfc_d1_5-gt_vid-049_a22d895e,train,green,single_forehead,10.387992293746382,16.38015147738736,-0.7127501480954614,-10.155090049461082,-8.159904295817947,54
ubfc_d1_5-gt_vid-049_a22d895e,train,green,single_left_cheek,3.2431328384964555,7.72307811871547,0.061771529868199226,-2.1166835361056857,-2.1733115332021855,54
ubfc_d1_5-gt_vid-049_a22d895e,train,green,single_right_cheek,3.4668006896972656,7.646238222257959,-0.28499865343985264,-1.8573799133300781,-9.941506661709488,54
ubfc_d1_5-gt_vid-049_a22d895e,train,green,average_fusion,3.5399339463975696,9.385398064980556,-0.2447976818791218,-2.561203285499855,-6.7561385814054145,54
ubfc_d1_5-gt_vid-049_a22d895e,train,green,quality_weighted_fusion,2.9477578622323497,8.010689633183995,-0.03701900424889812,-1.8944233081958912,-5.374324742943807,54
ubfc_d1_5-gt_vid-049_a22d895e,train,green,signal_extraction_baseline,3.5400736773455583,9.38528650138608,-0.2447977880722919,-2.5605877063892506,-6.756138579440755,54
ubfc_d1_5-gt_vid-049_a22d895e,train,chrom,single_forehead,29.82510898731373,30.10495425301075,0.1387095467516642,-29.82510898731373,-12.96941592259951,54
ubfc_d1_5-gt_vid-049_a22d895e,train,chrom,single_left_cheek,29.047199178625036,29.430757547737286,0.4736297061447215,-29.047199178625036,-8.636808840200791,54
ubfc_d1_5-gt_vid-049_a22d895e,train,chrom,single_right_cheek,29.158328303584344,29.390351900038624,0.10950906834738025,-29.158328303584344,-7.612598960420538,54
ubfc_d1_5-gt_vid-049_a22d895e,train,chrom,average_fusion,28.565634904084384,29.375467199794013,-0.17242965967294763,-28.565634904084384,-8.71426755615927,54
ubfc_d1_5-gt_vid-049_a22d895e,train,chrom,quality_weighted_fusion,28.26928831029821,28.7303514545104,0.07194028344116392,-28.26928831029821,-9.878568471476594,54
ubfc_d1_5-gt_vid-049_a22d895e,train,chrom,signal_extraction_baseline,28.56523068745931,29.37508342996004,-0.17242962464244532,-28.56523068745931,-8.714267558471713,54
ubfc_d1_5-gt_vid-049_a22d895e,train,pos,single_forehead,0.9854196619104456,1.6031439028105412,0.8723713674219282,-0.15338615134910302,5.088150829139881,54
ubfc_d1_5-gt_vid-049_a22d895e,train,pos,single_left_cheek,1.1331196537724249,1.693940519242855,0.8580307074352352,-0.04225610803674768,-1.03800739167824,54
ubfc_d1_5-gt_vid-049_a22d895e,train,pos,single_right_cheek,0.911301506890191,1.4813245308035399,0.8982107454996949,-0.33860241925274887,-2.077492250489043,54
ubfc_d1_5-gt_vid-049_a22d895e,train,pos,average_fusion,0.9483764083297165,1.5075398496974275,0.8870844906370182,-0.19042940492983218,3.1101258797272187,54
ubfc_d1_5-gt_vid-049_a22d895e,train,pos,quality_weighted_fusion,0.9483764083297165,1.5075398496974275,0.8870844906370182,-0.19042940492983218,3.163270241486698,54
ubfc_d1_5-gt_vid-049_a22d895e,train,pos,signal_extraction_baseline,0.9485658716272425,1.5074622683859402,0.8870844203908865,-0.18979404590747975,3.1101258598041692,54
ubfc_d1_6-gt_vid-045_d5d05981,train,green,single_forehead,5.075124776588296,9.319830640925352,0.48661781733981513,-0.41984039882443985,-5.416119558324143,53
ubfc_d1_6-gt_vid-045_d5d05981,train,green,single_left_cheek,13.452406685307341,20.187319857590083,0.25771629344586466,-9.9308949596477,-6.6585389087819085,53
ubfc_d1_6-gt_vid-045_d5d05981,train,green,single_right_cheek,2.4727528410137825,3.863424561782639,0.8669501053944919,0.03306651565263856,-2.8035938408977086,53
ubfc_d1_6-gt_vid-045_d5d05981,train,green,average_fusion,2.88802769499005,4.318521899710686,0.8380288320852117,0.9388812083118366,-3.847921742249002,53
ubfc_d1_6-gt_vid-045_d5d05981,train,green,quality_weighted_fusion,2.9263295587503686,4.38812515159359,0.8334776977999171,1.0143658620006633,-4.532987490110427,53
ubfc_d1_6-gt_vid-045_d5d05981,train,green,signal_extraction_baseline,2.888085419276975,4.318671288804481,0.8380289809803836,0.9395697251805719,-3.847921767099108,53
ubfc_d1_6-gt_vid-045_d5d05981,train,chrom,single_forehead,37.21856372761277,37.89956512832255,0.40050455690525216,-37.21856372761277,-17.351151777217872,53
ubfc_d1_6-gt_vid-045_d5d05981,train,chrom,single_left_cheek,38.08663515774709,39.583802337750164,-0.8955753454637956,-38.08663515774709,-10.594937252805623,53
ubfc_d1_6-gt_vid-045_d5d05981,train,chrom,single_right_cheek,34.72757332279997,37.392889755245584,-0.9395119549379565,-34.72757332279997,-19.841993380213182,53
ubfc_d1_6-gt_vid-045_d5d05981,train,chrom,average_fusion,33.55756234222988,35.67828757741605,-0.9136901826164341,-33.55756234222988,-13.99482612866668,53
ubfc_d1_6-gt_vid-045_d5d05981,train,chrom,quality_weighted_fusion,35.029511289776494,36.65575499609013,-0.5364243033835301,-35.029511289776494,-14.147524618791834,53
ubfc_d1_6-gt_vid-045_d5d05981,train,chrom,signal_extraction_baseline,33.5571564728359,35.67791834963212,-0.913690211151832,-33.5571564728359,-13.994826187999985,53
ubfc_d1_6-gt_vid-045_d5d05981,train,pos,single_forehead,3.3416229823850236,4.955729716041276,0.799115260818998,1.7314689204377949,-4.427287672677003,53
ubfc_d1_6-gt_vid-045_d5d05981,train,pos,single_left_cheek,3.0417042858195753,4.656635809630793,0.8219267449258201,1.5050158230763562,-5.625601593867903,53
ubfc_d1_6-gt_vid-045_d5d05981,train,pos,single_right_cheek,3.0010422040831366,4.491377487151361,0.8335904437884851,1.391788698592276,-1.5358264162236699,53
ubfc_d1_6-gt_vid-045_d5d05981,train,pos,average_fusion,3.115169453171064,4.656243593234426,0.8169700924836968,1.3540463717478626,-2.661781887376511,53
ubfc_d1_6-gt_vid-045_d5d05981,train,pos,quality_weighted_fusion,3.2656883383696935,4.85551015653114,0.8066710141908882,1.6559845546506486,-2.530857991607223,53
ubfc_d1_6-gt_vid-045_d5d05981,train,pos,signal_extraction_baseline,3.115262157512161,4.656444245040774,0.8169702738825723,1.3547384873876032,-2.6617818452169963,53
ubfc_d1_7-gt_vid-042_ec139516,train,green,single_forehead,29.361125505887546,32.90332400623447,-0.5200201962776856,-24.99908021780161,-8.953420116544361,52
ubfc_d1_7-gt_vid-042_ec139516,train,green,single_left_cheek,1.6367281400240385,2.055547522963519,0.5781478432317688,0.4667965815617488,-9.226755076689514,52
ubfc_d1_7-gt_vid-042_ec139516,train,green,single_right_cheek,1.748461943406325,2.3834722918527014,0.4324415543690226,0.2744561708890475,-3.647482805212154,52
ubfc_d1_7-gt_vid-042_ec139516,train,green,average_fusion,1.9804895841158354,2.8146285781627154,0.25073469008588295,0.5822008573091947,-5.796375113715838,52
ubfc_d1_7-gt_vid-042_ec139516,train,green,quality_weighted_fusion,1.8272267855130708,2.416808082290471,0.40284391906727224,0.4667965815617488,-5.5805444698565605,52
ubfc_d1_7-gt_vid-042_ec139516,train,green,signal_extraction_baseline,1.98055546100323,2.8147995123318132,0.2507348705234299,0.5829792022705078,-5.7963750952865905,52
ubfc_d1_7-gt_vid-042_ec139516,train,chrom,single_forehead,45.96419121668889,46.0293980265376,0.1639181631492037,-45.96419121668889,-11.416083486174537,52
ubfc_d1_7-gt_vid-042_ec139516,train,chrom,single_left_cheek,43.96385053487924,44.29959533992584,-0.307282428129732,-43.96385053487924,-14.614707745550339,52
ubfc_d1_7-gt_vid-042_ec139516,train,chrom,single_right_cheek,46.57968088296744,46.873051235894586,-0.18599487799208914,-46.57968088296744,-12.123467389706956,52
ubfc_d1_7-gt_vid-042_ec139516,train,chrom,average_fusion,45.73338273855356,46.03018296937688,-0.32351763792785493,-45.73338273855356,-11.243027887435272,52
ubfc_d1_7-gt_vid-042_ec139516,train,chrom,quality_weighted_fusion,46.15653162736159,46.42620235429309,-0.2188608571480353,-46.15653162736159,-11.510120657827489,52
ubfc_d1_7-gt_vid-042_ec139516,train,chrom,signal_extraction_baseline,45.732981608464165,46.02978774833507,-0.32351760779635613,-45.732981608464165,-11.243027857714853,52
ubfc_d1_7-gt_vid-042_ec139516,train,pos,single_forehead,1.5194754967322717,1.9178187668080897,0.6252554193313986,0.19752003596379206,1.839720440853524,52
ubfc_d1_7-gt_vid-042_ec139516,train,pos,single_left_cheek,1.636728286743164,2.147068610304686,0.5237327660198782,0.4667967282808744,3.2953539640147005,52
ubfc_d1_7-gt_vid-042_ec139516,train,pos,single_right_cheek,1.5597921518179088,2.0920397589680992,0.5496539011188599,0.389860593355619,2.4707292576478976,52
ubfc_d1_7-gt_vid-042_ec139516,train,pos,average_fusion,1.5591825338510366,2.0917482897982347,0.5519255602013955,0.3513924525334285,4.788010728933723,52
ubfc_d1_7-gt_vid-042_ec139516,train,pos,quality_weighted_fusion,1.5591825338510366,2.0917482897982347,0.5519255602013955,0.3513924525334285,4.881560630800273,52
ubfc_d1_7-gt_vid-042_ec139516,train,pos,signal_extraction_baseline,1.559332480797401,2.091883434251644,0.5519254891590694,0.35216859670785755,4.788010745295282,52
ubfc_d1_8-gt_vid_c4e9d008,val,green,single_forehead,7.222642588060956,7.88084315442385,0.3687456420339254,-7.1756235167037605,-5.297040312332465,43
ubfc_d1_8-gt_vid_c4e9d008,val,green,single_left_cheek,6.849986320318178,7.647570063676171,0.12319115695594221,-6.849986320318178,-5.006865500705267,43
ubfc_d1_8-gt_vid_c4e9d008,val,green,single_right_cheek,6.105673590371775,6.597179059130001,0.6756896915067335,-6.105673590371775,-3.9135200367303846,43
ubfc_d1_8-gt_vid_c4e9d008,val,green,average_fusion,6.19871263725813,6.812104275093068,0.5504659709019019,-6.19871263725813,-4.068801202571182,43
ubfc_d1_8-gt_vid_c4e9d008,val,green,quality_weighted_fusion,6.245232160701308,6.893485335921869,0.5031346452703651,-6.245232160701308,-3.9064471713804902,43
ubfc_d1_8-gt_vid_c4e9d008,val,green,signal_extraction_baseline,6.198205992232921,6.811647740162968,0.5504661124839932,-6.198205992232921,-4.068801213218574,43
ubfc_d1_8-gt_vid_c4e9d008,val,chrom,single_forehead,17.50296401977539,19.217629171220633,-0.3610743695232496,-17.50296401977539,-12.99340082832911,43
ubfc_d1_8-gt_vid_c4e9d008,val,chrom,single_left_cheek,23.457467544910518,24.330064353640886,-0.5738330753535145,-23.457467544910518,-10.942021612692766,43
ubfc_d1_8-gt_vid_c4e9d008,val,chrom,single_right_cheek,12.618411840394486,14.664617733526493,-0.8897301138399024,-12.618411840394486,-9.77654672250707,43
ubfc_d1_8-gt_vid_c4e9d008,val,chrom,average_fusion,12.246254854424055,13.202559114730661,0.331828299826668,-12.246254854424055,-8.955364444942957,43
ubfc_d1_8-gt_vid_c4e9d008,val,chrom,quality_weighted_fusion,14.013997809831487,14.968345280217722,0.39385585813405566,-14.013997809831487,-9.789672246999736,43
ubfc_d1_8-gt_vid_c4e9d008,val,chrom,signal_extraction_baseline,12.24579735689385,13.202147239033868,0.33182832412585533,-12.24579735689385,-8.955364467662418,43
ubfc_d1_8-gt_vid_c4e9d008,val,pos,single_forehead,6.98954533421716,7.468941405139231,0.6108986439513114,-6.98954533421716,-2.693249735757819,43
ubfc_d1_8-gt_vid_c4e9d008,val,pos,single_left_cheek,5.500919164613236,5.984369993583661,0.643853200554797,-5.500919164613236,-1.9531741755581629,43
ubfc_d1_8-gt_vid_c4e9d008,val,pos,single_right_cheek,6.338271473729333,6.7639439982788,0.7255535622404979,-6.338271473729333,-2.2602963307932358,43
ubfc_d1_8-gt_vid_c4e9d008,val,pos,average_fusion,6.152193113814953,6.611186452108108,0.6879000517980668,-6.152193113814953,-2.0235726642402914,43
ubfc_d1_8-gt_vid_c4e9d008,val,pos,quality_weighted_fusion,6.198712725972021,6.63918806155923,0.684737188577521,-6.198712725972021,-2.111634819553009,43
ubfc_d1_8-gt_vid_c4e9d008,val,pos,signal_extraction_baseline,6.151685847792515,6.610718539768949,0.6879000105235927,-6.151685847792515,-2.0235726458635686,43
ubfc_d2_subject1_vid_f522da8f,train,green,single_forehead,2.758228302001953,3.553712048706456,-0.5171430023650759,-2.0943215688069663,-5.542775664635743,24
ubfc_d2_subject1_vid_f522da8f,train,green,single_left_cheek,2.176769256591797,2.761474082028507,0.5928543257872216,-1.9276720682779949,-0.8834332166276609,24
ubfc_d2_subject1_vid_f522da8f,train,green,single_right_cheek,2.093444506327311,2.6690762451379526,0.6906411121496514,-1.844347318013509,0.6549190520535048,24
ubfc_d2_subject1_vid_f522da8f,train,green,average_fusion,2.093444506327311,2.6690762451379526,0.6906411121496514,-1.844347318013509,0.5970280765006879,24
ubfc_d2_subject1_vid_f522da8f,train,green,quality_weighted_fusion,2.093444506327311,2.6690762451379526,0.6906411121496514,-1.844347318013509,0.8959494828860606,24
ubfc_d2_subject1_vid_f522da8f,train,green,signal_extraction_baseline,2.091991106669108,2.6679789848622972,0.6906411121496516,-1.8427642186482747,0.5970280763942601,24
ubfc_d2_subject1_vid_f522da8f,train,chrom,single_forehead,63.58803685506185,63.630559900907095,,-63.58803685506185,-17.274651760636385,24
ubfc_d2_subject1_vid_f522da8f,train,chrom,single_left_cheek,63.58803606033325,63.661976102347346,0.03442306111003658,-63.58803606033325,-13.376495762683758,24
ubfc_d2_subject1_vid_f522da8f,train,chrom,single_right_cheek,61.75489012400309,61.931560816586135,-0.7711676147211838,-61.75489012400309,-13.00844085031461,24
ubfc_d2_subject1_vid_f522da8f,train,chrom,average_fusion,62.50481367111206,62.63132940015766,-0.4304738134455368,-62.50481367111206,-12.512997055881677,24
ubfc_d2_subject1_vid_f522da8f,train,chrom,quality_weighted_fusion,64.08798535664876,64.13017629834324,0.18617148085142726,-64.08798535664876,-12.84390587965426,24
ubfc_d2_subject1_vid_f522da8f,train,chrom,signal_extraction_baseline,62.504119555155434,62.6306385375558,-0.4304736639884822,-62.504119555155434,-12.512997048977631,24
ubfc_d2_subject1_vid_f522da8f,train,pos,single_forehead,2.093444506327311,2.6690762451379526,0.6906411121496514,-1.844347318013509,-0.5392398326458749,24
ubfc_d2_subject1_vid_f522da8f,train,pos,single_left_cheek,2.093444506327311,2.6690762451379526,0.6906411121496514,-1.844347318013509,-0.04112271220948766,24
ubfc_d2_subject1_vid_f522da8f,train,pos,single_right_cheek,2.1749550501505532,2.6994392564663445,0.590193530286887,-1.6776978174845378,-0.7016229822360703,24
ubfc_d2_subject1_vid_f522da8f,train,pos,average_fusion,2.093444506327311,2.6690762451379526,0.6906411121496514,-1.844347318013509,1.2134978465610802,24
ubfc_d2_subject1_vid_f522da8f,train,pos,quality_weighted_fusion,2.093444506327311,2.6690762451379526,0.6906411121496514,-1.844347318013509,1.0303763264291677,24
ubfc_d2_subject1_vid_f522da8f,train,pos,signal_extraction_baseline,2.091991106669108,2.6679789848622972,0.6906411121496516,-1.8427642186482747,1.2134978309255031,24
ubfc_d2_subject10_vid_142da79b,train,green,single_forehead,59.24653344405325,59.88436495358625,-0.2711426859717525,-59.24653344405325,-11.05329280588906,38
ubfc_d2_subject10_vid_142da79b,train,green,single_left_cheek,1.608348244114926,2.15969490478538,0.9425386540995447,-0.07082286633943256,-5.139937774066556,38
ubfc_d2_subject10_vid_142da79b,train,green,single_right_cheek,1.8835545590049343,2.7713784878272865,0.9367961712797109,0.9821259348016036,-2.9193106210621527,38
ubfc_d2_subject10_vid_142da79b,train,green,average_fusion,1.6169401469983553,2.193571997572702,0.9441609608082516,0.5609460127981085,-3.629345797551886,38
ubfc_d2_subject10_vid_142da79b,train,green,quality_weighted_fusion,1.6729647987767269,2.4458889576738683,0.9427125260623433,0.7715361745733964,-2.4304788978998313,38
ubfc_d2_subject10_vid_142da79b,train,green,signal_extraction_baseline,1.6167182922363281,2.1933960157809023,0.9441609976681135,0.560247120104338,-3.6293457962225113,38
ubfc_d2_subject10_vid_142da79b,train,chrom,single_forehead,68.72307245354904,68.99265277781286,0.3489625155904866,-68.72307245354904,-15.379543244499551,38
ubfc_d2_subject10_vid_142da79b,train,chrom,single_left_cheek,66.2486427708676,66.58564427447851,0.35043808738265,-66.2486427708676,-15.503574447316176,38
ubfc_d2_subject10_vid_142da79b,train,chrom,single_right_cheek,70.6183802956029,70.92859197673074,0.2562700880442495,-70.6183802956029,-16.026212642016226,38
ubfc_d2_subject10_vid_142da79b,train,chrom,average_fusion,71.56603421662983,71.94650196631956,-0.46949014642579256,-71.56603421662983,-16.78397640164627,38
ubfc_d2_subject10_vid_142da79b,train,chrom,quality_weighted_fusion,70.88161749588816,71.28352690675246,-0.6360599635858233,-70.88161749588816,-14.829930161760789,38
ubfc_d2_subject10_vid_142da79b,train,chrom,signal_extraction_baseline,71.56629803306178,71.94676367116669,-0.46949036809057243,-71.56629803306178,-16.78397616066219,38
ubfc_d2_subject10_vid_142da79b,train,pos,single_forehead,2.036534359580592,3.008775979240826,0.8960184052656563,0.982125533254523,-2.5281317641257406,38
ubfc_d2_subject10_vid_142da79b,train,pos,single_left_cheek,1.934315330103824,2.789025821473217,0.9290713628263577,0.8768310546875,-1.7013795532187472,38
ubfc_d2_subject10_vid_142da79b,train,pos,single_right_cheek,2.302847611276727,3.211811585909485,0.9081741291974716,1.0347735756321956,-1.535666060722515,38
ubfc_d2_subject10_vid_142da79b,train,pos,average_fusion,2.0941441184596012,3.045404379606426,0.9213156485965619,1.1927154942562705,-0.8537451058911981,38
ubfc_d2_subject10_vid_142da79b,train,pos,quality_weighted_fusion,2.1975525303890833,3.1131296116605065,0.9188160686705142,1.140068254972759,-0.9060863587922653,38
ubfc_d2_subject10_vid_142da79b,train,pos,signal_extraction_baseline,2.0938513906378495,3.045140012788438,0.9213157189475694,1.1920127868652344,-0.85374511305006,38
ubfc_d2_subject11_vid_86a002c4,val,green,single_forehead,58.53947487855569,60.33277380723228,0.2036140882031623,-20.281282278207634,-8.812171663676578,39
ubfc_d2_subject11_vid_86a002c4,val,green,single_left_cheek,40.025452833909256,63.74637470175803,0.2943762327495547,27.515740810296474,-7.957679776600925,39
ubfc_d2_subject11_vid_86a002c4,val,green,single_right_cheek,27.256226564065003,43.22121096066244,0.7582192592530741,18.69483106564253,-10.63776077415061,39
ubfc_d2_subject11_vid_86a002c4,val,green,average_fusion,29.615020556327625,45.505073220294406,0.7108865023310831,18.489693079239284,-9.32818777616173,39
ubfc_d2_subject11_vid_86a002c4,val,green,quality_weighted_fusion,31.768963936047676,49.55676915713028,0.6349822485509207,20.643636458959335,-9.964501810900066,39
ubfc_d2_subject11_vid_86a002c4,val,green,signal_extraction_baseline,29.613912240052834,45.5043553027624,0.7108865288825594,18.487623459253555,-9.328187748601755,39
ubfc_d2_subject11_vid_86a002c4,val,chrom,single_forehead,65.46286343305539,67.05949988184805,-0.4205467444788672,-32.230538392678284,-15.52680677772366,39
ubfc_d2_subject11_vid_86a002c4,val,chrom,single_left_cheek,65.41157864301633,67.62382304277851,-0.040638537419316625,-34.53833418626051,-13.38793026236716,39
ubfc_d2_subject11_vid_86a002c4,val,chrom,single_right_cheek,64.38589213444637,66.55936477900022,0.5041469744440348,-34.128060463147285,-11.550982515975134,39
ubfc_d2_subject11_vid_86a002c4,val,chrom,average_fusion,64.3346079312838,66.03732637965153,0.19641913672351294,-32.23053868611654,-14.8217876155673,39
ubfc_d2_subject11_vid_86a002c4,val,chrom,quality_weighted_fusion,64.23203913370769,65.96764088262658,0.26386475559015393,-32.33310748369266,-14.578720719282545,39
ubfc_d2_subject11_vid_86a002c4,val,chrom,signal_extraction_baseline,64.33489628327199,66.03781866105363,0.196419417639824,-32.231535984919624,-14.82178767673573,39
ubfc_d2_subject11_vid_86a002c4,val,pos,single_forehead,46.98659124129858,75.63319660732972,-0.5123164455190381,45.56783803304037,-10.514572642091533,39
ubfc_d2_subject11_vid_86a002c4,val,pos,single_left_cheek,46.539444947854065,75.60913592641839,-0.5933349973574832,45.72169005565154,-13.41626540451054,39
ubfc_d2_subject11_vid_86a002c4,val,pos,single_right_cheek,46.6935800405649,75.61525925958418,-0.5461704678806608,45.978112245217346,-14.40643376334475,39
ubfc_d2_subject11_vid_86a002c4,val,pos,average_fusion,46.6935800405649,75.61525925958418,-0.5461704678806608,45.978112245217346,-16.856317846153814,39
ubfc_d2_subject11_vid_86a002c4,val,pos,quality_weighted_fusion,46.642295446151344,75.61186415130669,-0.5606380036334072,45.92682765080379,-16.903906956367805,39
ubfc_d2_subject11_vid_86a002c4,val,pos,signal_extraction_baseline,46.691700862004204,75.61360748099291,-0.5461698876781617,45.97545838967348,-16.85631778597844,39
ubfc_d2_subject12_vid_22a0cc54,train,green,single_forehead,2.314379178560697,2.4136507472582918,0.7420243754314964,-2.314379178560697,-3.7403896980959734,39
ubfc_d2_subject12_vid_22a0cc54,train,green,single_left_cheek,2.211471753242688,2.3918637430014433,0.6478721055854778,-2.1605488703801083,-3.623610161001505,39
ubfc_d2_subject12_vid_22a0cc54,train,green,single_right_cheek,2.1605488703801083,2.6559600275238675,0.3602364641815382,-2.1605488703801083,-4.941653312367065,39
ubfc_d2_subject12_vid_22a0cc54,train,green,average_fusion,2.2118256397736378,2.370482535653733,0.6977611940298506,-2.2118256397736378,-3.719854800169602,39
ubfc_d2_subject12_vid_22a0cc54,train,green,quality_weighted_fusion,2.4169327173477564,2.7699959881657703,0.5458142138074296,-2.4169327173477564,-3.957055930114693,39
ubfc_d2_subject12_vid_22a0cc54,train,green,signal_extraction_baseline,2.21330075386243,2.3718528552745464,0.6977613397333488,-2.21330075386243,-3.7198547950400265,39
ubfc_d2_subject12_vid_22a0cc54,train,chrom,single_forehead,16.26166045360076,17.512136004245157,0.08500797507424451,-16.26166045360076,-7.591808452201216,39
ubfc_d2_subject12_vid_22a0cc54,train,chrom,single_left_cheek,10.67249258970603,11.942842014937165,-0.09451934226591635,-10.67249258970603,-6.925535109881703,39
ubfc_d2_subject12_vid_22a0cc54,train,chrom,single_right_cheek,20.62018585205078,21.371854006536065,-0.4193641255805043,-20.62018585205078,-11.392433427708289,39
ubfc_d2_subject12_vid_22a0cc54,train,chrom,average_fusion,14.313143216646635,15.851633341632892,0.41068672697095404,-14.313143216646635,-9.315179641140066,39
ubfc_d2_subject12_vid_22a0cc54,train,chrom,quality_weighted_fusion,14.92846444936899,16.311011228918865,0.3508085389638153,-14.92846444936899,-8.72887302335261,39
ubfc_d2_subject12_vid_22a0cc54,train,chrom,signal_extraction_baseline,14.314344259408804,15.852649109527325,0.41068670872275437,-14.314344259408804,-9.315179667319635,39
ubfc_d2_subject12_vid_22a0cc54,train,pos,single_forehead,1.9554417928059895,2.1662759758281678,0.661321901289631,-1.9554417928059895,3.992535821317198,39
ubfc_d2_subject12_vid_22a0cc54,train,pos,single_left_cheek,1.9041650234124599,2.1896617472687043,0.5165181940417195,-1.9041650234124599,2.455166168354281,39
ubfc_d2_subject12_vid_22a0cc54,train,pos,single_right_cheek,1.9041650234124599,2.166122377439186,0.505274613643372,-1.9041650234124599,-1.831697981761581,39
ubfc_d2_subject12_vid_22a0cc54,train,pos,average_fusion,2.057995331593049,2.259278404307341,0.6724851869537993,-2.057995331593049,2.95887038717841,39
ubfc_d2_subject12_vid_22a0cc54,train,pos,quality_weighted_fusion,2.006718562199519,2.2132657445074018,0.6663650757592778,-2.006718562199519,3.268283921788334,39
ubfc_d2_subject12_vid_22a0cc54,train,pos,signal_extraction_baseline,2.0594737713153544,2.2606172443869785,0.6724853370675073,-2.0594737713153544,2.958870347396461,39
ubfc_d2_subject13_vid_d1a4a1e1,train,green,single_forehead,6.747774425305818,7.51259037205252,0.16579344745382832,2.9834062676680717,-7.52912051762075,38
ubfc_d2_subject13_vid_d1a4a1e1,train,green,single_left_cheek,4.865024566650391,10.57820268635713,0.12401593236715051,-2.961996178877981,-5.761746974573673,38
ubfc_d2_subject13_vid_d1a4a1e1,train,green,single_right_cheek,1.6612319946289062,1.9707147033392356,0.9176103053708192,-0.3839010941354852,-4.913896218963544,38
ubfc_d2_subject13_vid_d1a4a1e1,train,green,average_fusion,1.5014405501516241,1.796013221158626,0.9276265041210581,-0.015601911042865953,-4.359535000480614,38
ubfc_d2_subject13_vid_d1a4a1e1,train,green,quality_weighted_fusion,1.60666917499743,1.9389146844433145,0.9147969659162942,-0.12083053588867188,-4.269149234496413,38
ubfc_d2_subject13_vid_d1a4a1e1,train,green,signal_extraction_baseline,1.5013218929893093,1.7960056124108348,0.9276264883979943,-0.015055204692639802,-4.35953499191126,38
ubfc_d2_subject13_vid_d1a4a1e1,train,chrom,single_forehead,60.36406607376902,60.47235969824946,0.6566761401888007,-60.36406607376902,-18.50043521373792,38
ubfc_d2_subject13_vid_d1a4a1e1,train,chrom,single_left_cheek,61.25850737722296,61.53597495430136,-0.5425542414448,-61.25850737722296,-18.030964933415117,38
ubfc_d2_subject13_vid_d1a4a1e1,train,chrom,single_right_cheek,61.205892964413295,61.309087267310716,0.6788001017571531,-61.205892964413295,-15.717011460372717,38
ubfc_d2_subject13_vid_d1a4a1e1,train,chrom,average_fusion,60.153609125237715,60.46194836786136,0.3431742591178264,-60.153609125237715,-17.334612229597038,38
ubfc_d2_subject13_vid_d1a4a1e1,train,chrom,quality_weighted_fusion,61.73203468322754,61.85693844552933,0.5786508364366483,-61.73203468322754,-17.48575184496478,38
ubfc_d2_subject13_vid_d1a4a1e1,train,chrom,signal_extraction_baseline,60.15336679157458,60.46170935208817,0.34317415912256527,-60.15336679157458,-17.334611971299186,38
ubfc_d2_subject13_vid_d1a4a1e1,train,pos,single_forehead,1.5521061545924137,1.8525982469629743,0.9214683763885901,0.037011999832956416,-0.27003626293240357,38
ubfc_d2_subject13_vid_d1a4a1e1,train,pos,single_left_cheek,2.0745594626978825,2.5528180126082196,0.8466936418491665,0.3526966697291324,-1.2622772527608908,38
ubfc_d2_subject13_vid_d1a4a1e1,train,pos,single_right_cheek,1.5013016148617393,1.7684438934595612,0.9286964511373775,-0.12083053588867188,-0.7060814475087605,38
ubfc_d2_subject13_vid_d1a4a1e1,train,pos,average_fusion,1.6047204670153166,1.9369042073783245,0.9135767498315855,-0.015602312589946547,0.14488611382623212,38
ubfc_d2_subject13_vid_d1a4a1e1,train,pos,quality_weighted_fusion,1.5521061545924137,1.8525982469629743,0.9214683763885901,0.037011999832956416,0.11760326683027163,38
ubfc_d2_subject13_vid_d1a4a1e1,train,pos,signal_extraction_baseline,1.6046321266575863,1.9368984952683255,0.913576745576472,-0.015055405466180099,0.14488610910773408,38
ubfc_d2_subject14_vid_ff644389,train,green,single_forehead,10.920691856971153,11.50854891553711,-0.42515045357598946,-0.4951340112930689,-6.779558757929713,39
ubfc_d2_subject14_vid_ff644389,train,green,single_left_cheek,7.202488825871394,8.625175004484943,-0.08834184177250842,-6.49619860526843,-4.885852054194213,39
ubfc_d2_subject14_vid_ff644389,train,green,single_right_cheek,10.40935555482522,19.870782734322646,-0.172984932934509,3.864613264034956,-5.298402602514706,39
ubfc_d2_subject14_vid_ff644389,train,green,average_fusion,6.695035103039864,7.919072809374899,-0.21901495229087958,-2.0851596930088143,-4.622923032918778,39
ubfc_d2_subject14_vid_ff644389,train,green,quality_weighted_fusion,6.286752749712039,7.663249958852864,-0.22516483511583368,-1.5209571642753406,-4.460635949986674,39
ubfc_d2_subject14_vid_ff644389,train,green,signal_extraction_baseline,6.694989522298177,7.919019533774935,-0.21901516630560758,-2.0848601903670874,-4.622923010040088,39
ubfc_d2_subject14_vid_ff644389,train,chrom,single_forehead,26.551038888784554,26.81290490801782,-0.3512875661092631,-26.551038888784554,-10.144460204999138,39
ubfc_d2_subject14_vid_ff644389,train,chrom,single_left_cheek,27.987191029084034,28.269766142969964,0.013708520436286514,-27.987191029084034,-11.559279175198114,39
ubfc_d2_subject14_vid_ff644389,train,chrom,single_right_cheek,26.448456593048878,26.84832933896552,-0.5131540591664623,-26.448456593048878,-17.98519871395349,39
ubfc_d2_subject14_vid_ff644389,train,chrom,average_fusion,24.96101330488156,25.296610279337333,-0.27621977050746,-24.96101330488156,-11.026296731497185,39
ubfc_d2_subject14_vid_ff644389,train,chrom,quality_weighted_fusion,25.166177896352913,25.510609340636304,-0.5682816664387865,-25.166177896352913,-12.060910899046295,39
ubfc_d2_subject14_vid_ff644389,train,chrom,signal_extraction_baseline,24.96080515934871,25.296406042929515,-0.27621962076960077,-24.96080515934871,-11.02629670513644,39
ubfc_d2_subject14_vid_ff644389,train,pos,single_forehead,6.077513474684495,7.3248995751577315,-0.2458545864709501,-3.162274482922676,-2.8114945508844222,39
ubfc_d2_subject14_vid_ff644389,train,pos,single_left_cheek,4.692679772010217,6.16970145427408,-0.10505692211771006,-2.9571095002003207,-2.1394421961476446,39
ubfc_d2_subject14_vid_ff644389,train,pos,single_right_cheek,5.977041978102464,7.315438153635313,-0.08577833271695472,-0.7002987983899239,-1.8706979150573775,39
ubfc_d2_subject14_vid_ff644389,train,pos,average_fusion,5.103009150578425,6.470259410405973,-0.07861042198377952,-2.8545272044646435,-1.9597625611386607,39
ubfc_d2_subject14_vid_ff644389,train,pos,quality_weighted_fusion,5.103009150578425,6.470259410405973,-0.07861042198377952,-2.8545272044646435,-1.9469328165560662,39
ubfc_d2_subject14_vid_ff644389,train,pos,signal_extraction_baseline,5.102909185947516,6.470144064562191,-0.0786108098366358,-2.8542288755759215,-1.9597625798005522,39
ubfc_d2_subject15_vid_dfd0e028,test,green,single_forehead,16.5808643541838,27.878251918182386,0.19905058751427077,-16.5808643541838,-6.064392481086629,38
ubfc_d2_subject15_vid_dfd0e028,test,green,single_left_cheek,13.213503084684673,24.108482423724688,0.44638392071934807,-13.213503084684673,-5.843070914221476,38
ubfc_d2_subject15_vid_dfd0e028,test,green,single_right_cheek,26.560836189671566,35.26472323121528,-0.775760717244534,-22.736824236418073,-7.160079143991109,38
ubfc_d2_subject15_vid_dfd0e028,test,green,average_fusion,1.7902510793585527,2.2038954034228024,0.8714972591788507,-1.585579320004112,-4.059684421527293,38
ubfc_d2_subject15_vid_dfd0e028,test,green,quality_weighted_fusion,8.899069133557772,19.606731163376207,0.2435599608420616,-8.899069133557772,-4.4438850508837415,38
ubfc_d2_subject15_vid_dfd0e028,test,green,signal_extraction_baseline,1.790773492110403,2.20433974583021,0.8714973614795417,-1.586204127261513,-4.059684398851326,38
ubfc_d2_subject15_vid_dfd0e028,test,chrom,single_forehead,64.56578094080875,64.62254406137376,0.40966909410509394,-64.56578094080875,-15.189664518786525,38
ubfc_d2_subject15_vid_dfd0e028,test,chrom,single_left_cheek,65.30239145379318,65.44703282457239,-0.6790321723073423,-65.30239145379318,-15.815523951010434,38
ubfc_d2_subject15_vid_dfd0e028,test,chrom,single_right_cheek,70.14297515467594,70.21507718093781,0.11164845764455486,-70.14297515467594,-14.006028424956456,38
ubfc_d2_subject15_vid_dfd0e028,test,chrom,average_fusion,71.09004542702122,71.18283248928734,-0.6258146193227437,-71.09004542702122,-14.445327006888743,38
ubfc_d2_subject15_vid_dfd0e028,test,chrom,quality_weighted_fusion,70.40604982878033,70.56304748366495,-0.5607359470649463,-70.40604982878033,-14.790083975687967,38
ubfc_d2_subject15_vid_dfd0e028,test,chrom,signal_extraction_baseline,71.09029087267425,71.18307738908122,-0.6258146193227437,-71.09029087267425,-14.445327009890512,38
ubfc_d2_subject15_vid_dfd0e028,test,pos,single_forehead,2.690495340447677,3.522369704422123,0.7416222874997709,-2.690495340447677,-4.442909891995163,38
ubfc_d2_subject15_vid_dfd0e028,test,pos,single_left_cheek,2.1117300736276725,2.6851655048358904,0.8440586043024788,-2.1117300736276725,-0.6190111376726029,38
ubfc_d2_subject15_vid_dfd0e028,test,pos,single_right_cheek,2.1117300736276725,2.6851655048358904,0.8440586043024788,-2.1117300736276725,-0.1971742258274713,38
ubfc_d2_subject15_vid_dfd0e028,test,pos,average_fusion,2.216960304661801,2.744693786125997,0.8512532272438658,-2.216960304661801,0.7522673237217237,38
ubfc_d2_subject15_vid_dfd0e028,test,pos,quality_weighted_fusion,2.1117300736276725,2.6851655048358904,0.8440586043024788,-2.1117300736276725,1.5215065332605424,38
ubfc_d2_subject15_vid_dfd0e028,test,pos,signal_extraction_baseline,2.217580694901316,2.745190985416575,0.8512533384856007,-2.217580694901316,0.7522673195714074,38
ubfc_d2_subject16_vid_31372d96,train,green,single_forehead,1.0228130634014423,1.445052959961059,0.6960176882866285,-0.09152143429487179,-2.6778646350107804,39
ubfc_d2_subject16_vid_31372d96,train,green,single_left_cheek,1.228377904647436,1.6447795433169168,0.631722321844991,-0.29664024939903844,-1.90736349443022,39
ubfc_d2_subject16_vid_31372d96,train,green,single_right_cheek,1.2787608611278045,1.7055958108706082,0.6374619781572779,-0.14280113807091346,0.3661775112185309,39
ubfc_d2_subject16_vid_31372d96,train,green,average_fusion,1.227706517928686,1.644371318815673,0.6381955525239602,-0.14280113807091346,1.9956647865815147,39
ubfc_d2_subject16_vid_31372d96,train,green,quality_weighted_fusion,1.2789862217047276,1.705727929823756,0.6301017563998835,-0.19408084184695512,2.014546259259936,39
ubfc_d2_subject16_vid_31372d96,train,green,signal_extraction_baseline,1.227837391388722,1.644396999071897,0.6381955525239602,-0.14315072084084535,1.9956647911258845,39
ubfc_d2_subject16_vid_31372d96,train,chrom,single_forehead,47.730343354053986,47.77696571885389,-0.11839254640600533,-47.730343354053986,-11.649352866229677,39
ubfc_d2_subject16_vid_31372d96,train,chrom,single_left_cheek,47.730343745304985,47.779568395625276,0.343813136758752,-47.730343745304985,-12.169350396906555,39
ubfc_d2_subject16_vid_31372d96,train,chrom,single_right_cheek,48.55081861447065,48.57132441225027,0.5597177575696773,-48.55081861447065,-11.453778940130203,39
ubfc_d2_subject16_vid_31372d96,train,chrom,average_fusion,48.44825920691857,48.46562853837695,0.6570494232519101,-48.44825920691857,-11.265171557547706,39
ubfc_d2_subject16_vid_31372d96,train,chrom,quality_weighted_fusion,46.49963153936924,46.594747178901116,0.4304958256274993,-46.49963153936924,-11.517732940608825,39
ubfc_d2_subject16_vid_31372d96,train,chrom,signal_extraction_baseline,48.44842832516401,48.46579757661012,0.6570494232519096,-48.44842832516401,-11.265171494361843,39
ubfc_d2_subject16_vid_31372d96,train,pos,single_forehead,1.227706517928686,1.613158469725171,0.6660962886839561,-0.2453605456229968,2.8285226878857186,39
ubfc_d2_subject16_vid_31372d96,train,pos,single_left_cheek,1.2787608611278045,1.7055958108706082,0.6374619781572779,-0.14280113807091346,2.6525924965244214,39
ubfc_d2_subject16_vid_31372d96,train,pos,single_right_cheek,1.227706517928686,1.644371318815673,0.6381955525239602,-0.14280113807091346,2.8591455215715356,39
ubfc_d2_subject16_vid_31372d96,train,pos,average_fusion,1.2789862217047276,1.705727929823756,0.6301017563998835,-0.19408084184695512,4.202775512655323,39
ubfc_d2_subject16_vid_31372d96,train,pos,quality_weighted_fusion,1.2789862217047276,1.705727929823756,0.6301017563998835,-0.19408084184695512,4.154862102835297,39
ubfc_d2_subject16_vid_31372d96,train,pos,signal_extraction_baseline,1.2791168995392628,1.7057626629916862,0.6301017563998833,-0.1944302289913862,4.20277551395825,39
ubfc_d2_subject17_vid_92b16a96,test,green,single_forehead,5.433701930901943,8.516230377768757,-0.3167923636748609,-4.2571444389147635,-2.321853873770369,39
ubfc_d2_subject17_vid_92b16a96,test,green,single_left_cheek,1.6390337821764824,2.5547825647068554,-0.04968523783622096,-0.7701263427734375,1.7752443784634389,39
ubfc_d2_subject17_vid_92b16a96,test,green,single_right_cheek,1.9969468728089943,2.7665412600979558,0.044244838441802894,-0.6162870358198117,2.5513018686252247,39
ubfc_d2_subject17_vid_92b16a96,test,green,average_fusion,1.7922461094000401,2.614062849353427,0.012914195821309139,-0.6162872314453125,3.21465508293963,39
ubfc_d2_subject17_vid_92b16a96,test,green,quality_weighted_fusion,1.7922461094000401,2.614062849353427,0.012914195821309139,-0.6162872314453125,3.367170078151877,39
ubfc_d2_subject17_vid_92b16a96,test,green,signal_extraction_baseline,1.7919428898737981,2.6135094571934787,0.012913616249115998,-0.6136928460536859,3.214655094244536,39
ubfc_d2_subject17_vid_92b16a96,test,chrom,single_forehead,39.12732412876227,39.21989583184017,0.6328070929464354,-39.12732412876227,-12.190813569024407,39
ubfc_d2_subject17_vid_92b16a96,test,chrom,single_left_cheek,37.999171134753105,38.50697860920303,-0.35175694100971,-37.999171134753105,-14.791265994369896,39
ubfc_d2_subject17_vid_92b16a96,test,chrom,single_right_cheek,39.947798313238685,40.08096215010931,0.3242396351332589,-39.947798313238685,-16.27389176536286,39
ubfc_d2_subject17_vid_92b16a96,test,chrom,average_fusion,41.588748442821014,41.612511224352474,0.3835826557084556,-41.588748442821014,-14.473845600472055,39
ubfc_d2_subject17_vid_92b16a96,test,chrom,quality_weighted_fusion,41.43490933149289,41.46930829073752,0.2284568093732301,-41.43490933149289,-14.525191588772648,39
ubfc_d2_subject17_vid_92b16a96,test,chrom,signal_extraction_baseline,41.58738630245893,41.61115048560449,0.383582654380182,-41.58738630245893,-14.473845644006689,39
ubfc_d2_subject17_vid_92b16a96,test,pos,single_forehead,1.9456671690329528,2.747869608209571,0.02963579874759851,-0.5650073320437701,2.9989733011571342,39
ubfc_d2_subject17_vid_92b16a96,test,pos,single_left_cheek,2.100130325708634,2.9811612775389142,-0.062466534814153415,-0.9752445710011017,1.44785856525937,39
ubfc_d2_subject17_vid_92b16a96,test,pos,single_right_cheek,2.1509945209209738,2.9981738269096367,-0.04213555440762399,-0.8726851634490185,1.4802312275527243,39
ubfc_d2_subject17_vid_92b16a96,test,pos,average_fusion,1.9971534533378406,2.766615926717886,0.04321658358853799,-0.6675667395958533,2.4849664655645567,39
ubfc_d2_subject17_vid_92b16a96,test,pos,quality_weighted_fusion,1.9969468728089943,2.7665412600979558,0.044244838441802894,-0.6162870358198117,2.716184184859624,39
ubfc_d2_subject17_vid_92b16a96,test,pos,signal_extraction_baseline,1.996993627303686,2.766054867554184,0.043215850851630405,-0.6649745060847356,2.4849664605988906,39
ubfc_d2_subject18_vid_6444425c,train,green,single_forehead,27.70942519261287,50.642445594303496,-0.27876900060744025,7.538365559700208,-10.806095123074652,39
ubfc_d2_subject18_vid_6444425c,train,green,single_left_cheek,56.21048069000244,62.21613122926261,0.0897804289138037,-43.00026314075176,-11.578907436834491,39
ubfc_d2_subject18_vid_6444425c,train,green,single_right_cheek,26.111951559017864,41.066538901585766,0.4496668116489942,-12.625777635818872,-10.606543422782886,39
ubfc_d2_subject18_vid_6444425c,train,green,average_fusion,28.84666900145702,51.22649012595746,-0.0993168017889955,1.535299912477151,-10.853618033927766,39
ubfc_d2_subject18_vid_6444425c,train,green,quality_weighted_fusion,39.201424500881096,53.775213555332876,0.13796035172581728,-21.80995464324951,-10.83809844050184,39
ubfc_d2_subject18_vid_6444425c,train,green,signal_extraction_baseline,28.845874957549267,51.22596671911787,-0.0993167170226681,1.5326454700567784,-10.853618092707947,39
ubfc_d2_subject18_vid_6444425c,train,chrom,single_forehead,68.60619557209505,69.34003609051108,0.21274248176642496,-57.11003222832313,-13.33674620480782,39
ubfc_d2_subject18_vid_6444425c,train,chrom,single_left_cheek,69.47843558971698,70.76075385341271,0.4708321363061044,-59.52152019891984,-12.35601298318683,39
ubfc_d2_subject18_vid_6444425c,train,chrom,single_right_cheek,73.22393894195557,74.20463891232414,-0.5007370707425135,-61.727775598183655,-15.664160995592455,39
ubfc_d2_subject18_vid_6444425c,train,chrom,average_fusion,68.50357855283298,69.24008600413714,0.3264919413478663,-57.00741520906106,-13.525170523025734,39
ubfc_d2_subject18_vid_6444425c,train,chrom,quality_weighted_fusion,68.65750334813045,69.41197499135293,0.2741785562421443,-57.161340004358536,-15.967282991042884,39
ubfc_d2_subject18_vid_6444425c,train,chrom,signal_extraction_baseline,68.5044909501687,69.24109419052505,0.3264919413478664,-57.00863082592304,-13.52517059460483,39
ubfc_d2_subject18_vid_6444425c,train,pos,single_forehead,17.72962587307661,44.79181155525196,-0.2852452550752618,16.61992613474528,-5.925755665330916,39
ubfc_d2_subject18_vid_6444425c,train,pos,single_left_cheek,17.431051278725647,44.76086696592809,-0.2866933532776336,16.61992613474528,-7.269807648138061,39
ubfc_d2_subject18_vid_6444425c,train,pos,single_right_cheek,17.306819304441795,44.74504722402349,-0.3107837699843576,15.952918688456217,-6.5506897361863246,39
ubfc_d2_subject18_vid_6444425c,train,pos,average_fusion,17.473084547580818,44.76180649897262,-0.2866420410411162,16.466001339447804,-5.992124785463792,39
ubfc_d2_subject18_vid_6444425c,train,pos,quality_weighted_fusion,17.524392812679974,44.7640257398647,-0.29309903055244063,16.414693074348644,-5.89364625230525,39
ubfc_d2_subject18_vid_6444425c,train,pos,signal_extraction_baseline,17.47175742418338,44.76064528391056,-0.2866417939391911,16.46297814295842,-5.99212479670866,39
ubfc_d2_subject20_vid_ed92eefb,train,green,single_forehead,113.96917699512683,120.97432501958237,-0.10787211864282334,113.28743678645084,-17.2719148969554,38
ubfc_d2_subject20_vid_ed92eefb,train,green,single_left_cheek,97.33303767756412,106.44502260280272,-0.13348289251946513,89.23010028036018,-11.277860706888173,38
ubfc_d2_subject20_vid_ed92eefb,train,green,single_right_cheek,88.74979827278538,98.41290785317483,-0.05905492064923579,80.22833959679855,-11.901600896065636,38
ubfc_d2_subject20_vid_ed92eefb,train,green,average_fusion,110.33687787306935,118.03328670199853,-0.23937690712567405,110.23420790622109,-12.784064026754884,38
ubfc_d2_subject20_vid_ed92eefb,train,green,quality_weighted_fusion,96.33022815302799,105.06672199378758,-0.13912243463148044,87.91405311383699,-11.585087954152918,38
ubfc_d2_subject20_vid_ed92eefb,train,green,signal_extraction_baseline,110.33572723990993,118.03208789420934,-0.23937664061171487,110.23292717180755,-12.784064018974588,38
ubfc_d2_subject20_vid_ed92eefb,train,chrom,single_forehead,49.21575149736906,50.7931818161766,-0.32658905346571876,27.95496072267231,-3.340472521312963,38
ubfc_d2_subject20_vid_ed92eefb,train,chrom,single_left_cheek,44.84647605293676,47.323764474578596,0.17679098700138843,22.9539828551443,-4.797459598507716,38
ubfc_d2_subject20_vid_ed92eefb,train,chrom,single_right_cheek,45.37289443768953,47.7120582562231,0.15038837742711775,23.585684475145843,-1.1421442942640792,38
ubfc_d2_subject20_vid_ed92eefb,train,chrom,average_fusion,45.2149691832693,47.55334817133916,0.22691433796732347,23.533043058295,-3.2939152581774325,38
ubfc_d2_subject20_vid_ed92eefb,train,chrom,quality_weighted_fusion,45.21496898249576,47.58166010510232,0.20241226078402982,23.42775901995207,-2.561101577039369,38
ubfc_d2_subject20_vid_ed92eefb,train,chrom,signal_extraction_baseline,45.21465607693321,47.55313857320967,0.2269143379668592,23.532615511040937,-3.2939152386455293,38
ubfc_d2_subject20_vid_ed92eefb,train,pos,single_forehead,110.70406477074874,118.42473287730918,-0.3788168162197579,110.55005982047633,-20.43336902546266,38
ubfc_d2_subject20_vid_ed92eefb,train,pos,single_left_cheek,110.54613911478143,118.25699764446831,-0.3190349005662421,110.39213416450902,-21.54848535773459,38
ubfc_d2_subject20_vid_ed92eefb,train,pos,single_right_cheek,110.7079852756701,118.42476598920238,-0.22354083083100607,110.7079852756701,-22.11665017532143,38
ubfc_d2_subject20_vid_ed92eefb,train,pos,average_fusion,110.59878093317936,118.31352875545407,-0.3486128734595305,110.44477598290695,-24.42797242353178,38
ubfc_d2_subject20_vid_ed92eefb,train,pos,quality_weighted_fusion,110.59878073240581,118.31397312601909,-0.36655255569885,110.4447757821334,-25.974878315522925,38
ubfc_d2_subject20_vid_ed92eefb,train,pos,signal_extraction_baseline,110.59769314213803,118.31232773103628,-0.34861268542773505,110.44349303998445,-24.427972438746078,38
ubfc_d2_subject22_vid_6705444e,train,green,single_forehead,8.9935168216103,14.652460134140295,0.8880455458146191,-8.619428333483244,-6.181486453357122,38
ubfc_d2_subject22_vid_6705444e,train,green,single_left_cheek,2.431624964663857,3.1761435824669575,0.8147311075566885,0.3757239893863076,-0.4507415057870864,38
ubfc_d2_subject22_vid_6705444e,train,green,single_right_cheek,2.4869212100380347,3.2254293513182226,0.805395017612934,0.3757239893863076,-1.177114570545738,38
ubfc_d2_subject22_vid_6705444e,train,green,average_fusion,2.2292345950478003,2.8856503574030605,0.8433172148168413,0.11270804154245477,-0.8991113110949334,38
ubfc_d2_subject22_vid_6705444e,train,green,quality_weighted_fusion,2.434317940159848,3.1769908892667753,0.8095629257917709,0.3231207195081209,-0.032749159889606534,38
ubfc_d2_subject22_vid_6705444e,train,green,signal_extraction_baseline,2.229215722335012,2.885655120873761,0.8433171339855293,0.11283533196700246,-0.8991113070162151,38
ubfc_d2_subject22_vid_6705444e,train,chrom,single_forehead,51.12283857245194,51.59353985578759,-0.4748373665864774,-51.12283857245194,-11.5613688599352,38
ubfc_d2_subject22_vid_6705444e,train,chrom,single_left_cheek,47.48746159202174,50.703544799313725,-0.20059922978708,-47.33540655437269,-11.443583620895074,38
ubfc_d2_subject22_vid_6705444e,train,chrom,single_right_cheek,57.067004153603,57.41058894973428,-0.4357605194639517,-57.067004153603,-11.492305814355452,38
ubfc_d2_subject22_vid_6705444e,train,chrom,average_fusion,54.173826719585215,54.408066815974124,0.3154597516511253,-54.173826719585215,-11.479389716447523,38
ubfc_d2_subject22_vid_6705444e,train,chrom,quality_weighted_fusion,53.96341384084601,54.177154797810466,0.4212685398534277,-53.96341384084601,-11.477056212758992,38
ubfc_d2_subject22_vid_6705444e,train,chrom,signal_extraction_baseline,54.17376769216437,54.40800811282302,0.31545953148005407,-54.17376769216437,-11.479389719707957,38
ubfc_d2_subject22_vid_6705444e,train,pos,single_forehead,2.3814028689735816,3.1603002849753343,0.8086713264333452,0.3231207195081209,-1.9394827024469283,38
ubfc_d2_subject22_vid_6705444e,train,pos,single_left_cheek,2.3318043758994653,3.144575370440256,0.8115361634186062,0.27051744962993424,-2.4645733897887805,38
ubfc_d2_subject22_vid_6705444e,train,pos,single_right_cheek,2.5451087951660156,3.4000810100113577,0.7744334317285472,0.3757237886127673,-2.361415062276761,38
ubfc_d2_subject22_vid_6705444e,train,pos,average_fusion,2.54218894556949,3.3992226047229273,0.7758194359838017,0.4283270584909539,-1.372542866523818,38
ubfc_d2_subject22_vid_6705444e,train,pos,quality_weighted_fusion,2.54218894556949,3.3992226047229273,0.7758194359838017,0.4283270584909539,-1.459969483363977,38
ubfc_d2_subject22_vid_6705444e,train,pos,signal_extraction_baseline,2.5421768991570723,3.3992394466545273,0.7758192113150493,0.42845515200966283,-1.3725428657620278,38
ubfc_d2_subject23_vid_f6fa880d,train,green,single_forehead,3.2398056231046977,3.9194948776670895,0.4564621159320825,1.7158443049380654,-3.6530897866282697,38
ubfc_d2_subject23_vid_f6fa880d,train,green,single_left_cheek,1.869016546952097,2.355981109297863,0.13780010118463557,-0.23169085853978208,1.1005285183668132,38
ubfc_d2_subject23_vid_f6fa880d,train,green,single_right_cheek,2.0286209708765934,2.6120319576009052,0.5930610066628471,0.5578505867405942,1.0571798553896534,38
ubfc_d2_subject23_vid_f6fa880d,train,green,average_fusion,2.2391789084986637,2.9348000326311126,0.5573896798281186,0.6104866830926192,1.3851774627456197,38
ubfc_d2_subject23_vid_f6fa880d,train,green,quality_weighted_fusion,2.133627038252981,2.7872143428248526,0.5334728805491972,0.3999422976845189,2.156493343049465,38
ubfc_d2_subject23_vid_f6fa880d,train,green,signal_extraction_baseline,2.238947918540553,2.934667665999712,0.5573894989669955,0.6099699923866674,1.3851774631496483,38
ubfc_d2_subject23_vid_f6fa880d,train,chrom,single_forehead,7.341004020289371,10.106097753755929,-0.5965144493672322,-6.44274882266396,-3.970149599711651,38
ubfc_d2_subject23_vid_f6fa880d,train,chrom,single_left_cheek,9.969367378636411,10.457687052556212,0.6466597888960484,-9.969367378636411,-5.991129816796416,38
ubfc_d2_subject23_vid_f6fa880d,train,chrom,single_right_cheek,10.918142720272666,12.851214783949997,-0.6086118081197125,-10.60100003292686,-5.261296923201733,38
ubfc_d2_subject23_vid_f6fa880d,train,chrom,average_fusion,4.552428596898129,6.143494006205296,0.22357007287641745,-2.60031469244706,-4.871115962426909,38
ubfc_d2_subject23_vid_f6fa880d,train,chrom,quality_weighted_fusion,3.7623328158729956,4.455331022952085,0.17329645097508195,-2.07395423086066,-5.131451184767713,38
ubfc_d2_subject23_vid_f6fa880d,train,chrom,signal_extraction_baseline,4.552448975412469,6.143660444012169,0.22356991373553836,-2.600804278725072,-4.871115877265003,38
ubfc_d2_subject23_vid_f6fa880d,train,pos,single_forehead,2.92344816107499,3.669055667434188,0.481162898713981,1.1894837429648952,2.24348486590723,38
ubfc_d2_subject23_vid_f6fa880d,train,pos,single_left_cheek,3.0818932181910466,3.878714590043952,0.453373762716864,1.5053003210770457,0.9285910180689156,38
ubfc_d2_subject23_vid_f6fa880d,train,pos,single_right_cheek,3.5029862052515934,4.217418192697515,0.4272146883679192,1.979024887084961,1.1054562203751135,38
ubfc_d2_subject23_vid_f6fa880d,train,pos,average_fusion,3.187169827912983,3.9860141147403345,0.4484611999595075,1.6632085097463507,2.0490476026589306,38
ubfc_d2_subject23_vid_f6fa880d,train,pos,quality_weighted_fusion,3.187169827912983,3.9860141147403345,0.4484611999595075,1.6632085097463507,2.1150034491795204,38
ubfc_d2_subject23_vid_f6fa880d,train,pos,signal_extraction_baseline,3.1868768993176912,3.985765946963154,0.4484610271273658,1.6626824830707752,2.049047605554583,38
ubfc_d2_subject24_vid_faa70e63,train,green,single_forehead,44.0850039323171,61.57399736623201,-0.20838119696804727,22.355769970478157,-6.544030104433517,39
ubfc_d2_subject24_vid_faa70e63,train,green,single_left_cheek,47.51837369111868,72.19467234347066,-0.4994094943596413,41.28008305109464,-11.938149409285021,39
ubfc_d2_subject24_vid_faa70e63,train,green,single_right_cheek,46.33880982643519,71.05512264747837,-0.538798754119505,38.869669357935585,-12.371142787785136,39
ubfc_d2_subject24_vid_faa70e63,train,green,average_fusion,47.979942474609764,72.91214907222016,-0.59420360917689,40.51080200611017,-11.907192674200584,39
ubfc_d2_subject24_vid_faa70e63,train,green,quality_weighted_fusion,47.51837388674418,72.08720225291127,-0.5381328029640084,40.04923341824458,-13.191297724185633,39
ubfc_d2_subject24_vid_faa70e63,train,green,signal_extraction_baseline,47.979529509177574,72.91099711119423,-0.5942035281885141,40.50895667076111,-11.907192637387391,39
ubfc_d2_subject24_vid_faa70e63,train,chrom,single_forehead,56.08578780369881,57.32962909638595,0.25308484761101446,-25.852507022710945,-10.757913242298844,39
ubfc_d2_subject24_vid_faa70e63,train,chrom,single_left_cheek,54.854939051163505,56.74872737487127,0.2654226518540306,-26.26279091835022,-14.091760234480898,39
ubfc_d2_subject24_vid_faa70e63,train,chrom,single_right_cheek,53.52151797979306,54.72824796445659,0.6006326035511298,-25.442223616135426,-11.87581855984012,39
ubfc_d2_subject24_vid_faa70e63,train,chrom,average_fusion,54.95750912030538,56.41519203045135,0.5980200394909198,-26.775644198442116,-12.06773740495835,39
ubfc_d2_subject24_vid_faa70e63,train,chrom,quality_weighted_fusion,55.67550459274879,56.99225540281865,0.3957552342163394,-26.26279023366097,-12.36543874947399,39
ubfc_d2_subject24_vid_faa70e63,train,chrom,signal_extraction_baseline,54.95780236293108,56.415587021526925,0.5980200034018055,-26.776409876652252,-12.067737398753504,39
ubfc_d2_subject24_vid_faa70e63,train,pos,single_forehead,47.56965906803425,71.91554937854957,-0.5463743509524648,39.279951786383606,-14.120197037024948,39
ubfc_d2_subject24_vid_faa70e63,train,pos,single_left_cheek,47.774800771322006,72.66276015002646,-0.5726642527352149,40.92108482580919,-13.337854123542245,39
ubfc_d2_subject24_vid_faa70e63,train,pos,single_right_cheek,47.41580313291305,71.84635350316718,-0.555463018430956,39.4338081127558,-13.07522247750567,39
ubfc_d2_subject24_vid_faa70e63,train,pos,average_fusion,47.41580293728755,72.20242432371248,-0.566535765359178,39.84409132370582,-15.473670260679206,39
ubfc_d2_subject24_vid_faa70e63,train,pos,quality_weighted_fusion,47.46708831420312,72.20314051342484,-0.5603253660244366,39.895376700621384,-15.625425158436686,39
ubfc_d2_subject24_vid_faa70e63,train,pos,signal_extraction_baseline,47.41539877500289,72.20128964476777,-0.5665356460955393,39.84225674775931,-15.473670187343732,39
ubfc_d2_subject25_vid_590cd5ec,train,green,single_forehead,5.142439871123343,11.235063567893942,0.1890108062853273,-5.065599846117424,-4.86091106126182,33
ubfc_d2_subject25_vid_590cd5ec,train,green,single_left_cheek,2.235818573922822,2.831790080947935,0.1575521978122203,-1.973785400390625,1.429656766291497,33
ubfc_d2_subject25_vid_590cd5ec,train,green,single_right_cheek,2.3554322213837593,2.9150694999731757,0.12632278815997783,-2.095033125443892,3.1678997164342415,33
ubfc_d2_subject25_vid_590cd5ec,train,green,average_fusion,2.23738144383286,2.8542262230076387,-0.025759043700936117,-1.852537675337358,1.65916830472458,33
ubfc_d2_subject25_vid_590cd5ec,train,green,quality_weighted_fusion,2.3554322213837593,2.9150694999731757,0.12632278815997783,-2.095033125443892,3.0810123375414467,33
ubfc_d2_subject25_vid_590cd5ec,train,green,signal_extraction_baseline,2.2373960090406015,2.8542707902639224,-0.025759043700936117,-1.8526063398881392,1.6591683412928806,33
ubfc_d2_subject25_vid_590cd5ec,train,chrom,single_forehead,44.34983629168886,44.5666009033995,0.5378392072496335,-44.34983629168886,-9.371177525099627,33
ubfc_d2_subject25_vid_590cd5ec,train,chrom,single_left_cheek,44.47108447912967,44.57874931217054,-0.3779141730075273,-44.47108447912967,-10.445722562224962,33
ubfc_d2_subject25_vid_590cd5ec,train,chrom,single_right_cheek,44.167965050899625,44.297830235674134,0.1982780289668754,-44.167965050899625,-9.930211379787439,33
ubfc_d2_subject25_vid_590cd5ec,train,chrom,average_fusion,34.52877703579989,39.34501180885809,0.38768661396458837,-34.52877703579989,-9.592142684609703,33
ubfc_d2_subject25_vid_590cd5ec,train,chrom,quality_weighted_fusion,35.498758258241594,39.831458321935074,0.3193302426956023,-35.498758258241594,-9.644762501274265,33
ubfc_d2_subject25_vid_590cd5ec,train,chrom,signal_extraction_baseline,34.528821193810664,39.34504336597117,0.3876866424821025,-34.528821193810664,-9.592142713366158,33
ubfc_d2_subject25_vid_590cd5ec,train,pos,single_forehead,2.237417047674006,2.8329191368003124,0.06647544862615896,-1.852537675337358,1.2781610232912328,33
ubfc_d2_subject25_vid_590cd5ec,train,pos,single_left_cheek,2.0555098562529595,2.703212916785448,-0.03853604433392917,-1.6706660877574573,1.6447508743016968,33
ubfc_d2_subject25_vid_590cd5ec,train,pos,single_right_cheek,1.9965200713186553,2.6812955542552004,-0.020307692386166677,-1.610042225230824,1.92706290072509,33
ubfc_d2_subject25_vid_590cd5ec,train,pos,average_fusion,2.057143933845289,2.7255603143440434,-0.0057242319335413586,-1.6706660877574573,3.0771385598504835,33
ubfc_d2_subject25_vid_590cd5ec,train,pos,quality_weighted_fusion,1.9965200713186553,2.6812955542552004,-0.020307692386166677,-1.610042225230824,2.9435144008239305,33
ubfc_d2_subject25_vid_590cd5ec,train,pos,signal_extraction_baseline,2.057154337565104,2.7256024036742525,-0.0057242319335413586,-1.6707347523082385,3.077138528331081,33
ubfc_d2_subject26_vid_f9ef9532,val,green,single_forehead,11.36754411969866,16.782996797770842,0.5751181074479067,0.7593423025948661,-5.654700880563955,35
ubfc_d2_subject26_vid_f9ef9532,val,green,single_left_cheek,12.349662453787667,13.502356938109802,-0.4125604140196415,-9.816551753452845,-3.7596392274091883,35
ubfc_d2_subject26_vid_f9ef9532,val,green,single_right_cheek,2.0298043387276787,2.7736606259300434,0.07755651379295991,1.2166774204799107,-3.2089907609417008,35
ubfc_d2_subject26_vid_f9ef9532,val,green,average_fusion,3.8317818777901786,4.9820056972593525,0.23802677578925932,0.07333853585379464,-1.6122549760684137,35
ubfc_d2_subject26_vid_f9ef9532,val,green,quality_weighted_fusion,1.9816868373325893,2.736119515135509,0.15322182585788013,1.5596797398158482,-1.6442578763988667,35
ubfc_d2_subject26_vid_f9ef9532,val,green,signal_extraction_baseline,3.831787545340402,4.982008601291035,0.23802667444190306,0.07334463936941964,-1.6122549980215277,35
ubfc_d2_subject26_vid_f9ef9532,val,chrom,single_forehead,28.452991049630302,28.714575837986363,0.1703924676172253,-28.452991049630302,-9.364278370179942,35
ubfc_d2_subject26_vid_f9ef9532,val,chrom,single_left_cheek,24.279800633021765,24.450731332223846,0.5260223621907946,-24.279800633021765,-8.780131319527227,35
ubfc_d2_subject26_vid_f9ef9532,val,chrom,single_right_cheek,23.87963126046317,24.111880854943927,0.5816253457108294,-23.87963126046317,-8.88012389330818,35
ubfc_d2_subject26_vid_f9ef9532,val,chrom,average_fusion,27.486365291050504,28.51676255112867,-0.5365586528307176,-26.45214636666434,-8.916104192803726,35
ubfc_d2_subject26_vid_f9ef9532,val,chrom,quality_weighted_fusion,27.48636540004185,28.580869147206393,-0.5194376467450333,-26.45214647565569,-8.998328790501125,35
ubfc_d2_subject26_vid_f9ef9532,val,chrom,signal_extraction_baseline,27.48636245727539,28.516759081789857,-0.536558648784525,-26.452142224993025,-8.916104258372147,35
ubfc_d2_subject26_vid_f9ef9532,val,pos,single_forehead,1.8673527308872768,2.446453331295398,0.34215578239207234,1.3310115269252232,2.0036269980375634,35
ubfc_d2_subject26_vid_f9ef9532,val,pos,single_left_cheek,1.9816868373325893,2.6713126593894727,0.1497464821947928,1.4453456333705357,-2.0685813756123728,35
ubfc_d2_subject26_vid_f9ef9532,val,pos,single_right_cheek,1.8673527308872768,2.517056332126333,0.3375755708842411,1.4453456333705357,-1.571424039114412,35
ubfc_d2_subject26_vid_f9ef9532,val,pos,average_fusion,1.924519784109933,2.5613517160301127,0.24397360471475105,1.3881785801478794,2.5253659776234283,35
ubfc_d2_subject26_vid_f9ef9532,val,pos,quality_weighted_fusion,1.924519784109933,2.5613517160301127,0.24397360471475105,1.3881785801478794,3.1336332072290536,35
ubfc_d2_subject26_vid_f9ef9532,val,pos,signal_extraction_baseline,1.9245252336774554,2.5613558509494045,0.24397360471475105,1.3881862095424107,2.5253659902329377,35
ubfc_d2_subject27_vid_96005bba,train,green,single_forehead,14.91603696346283,19.672286425658527,0.6647822990826413,-13.230335593223572,-5.701539046624536,32
ubfc_d2_subject27_vid_96005bba,train,green,single_left_cheek,19.166489362716675,23.625620810591304,0.9063801496693102,-18.792398691177368,-4.486157945893321,32
ubfc_d2_subject27_vid_96005bba,train,green,single_right_cheek,21.666728973388672,25.408119621315247,0.8663328362691947,-21.604678630828857,-6.062620177299864,32
ubfc_d2_subject27_vid_96005bba,train,green,average_fusion,17.479556441307068,21.34932504919547,0.8901129825114256,-17.417506098747253,-4.1566092783281245,32
ubfc_d2_subject27_vid_96005bba,train,green,quality_weighted_fusion,17.791142225265503,21.941118853452668,0.8986603959741839,-17.355011224746704,-4.453794956681322,32
ubfc_d2_subject27_vid_96005bba,train,green,signal_extraction_baseline,17.47961127758026,21.34936575556251,0.8901129634507181,-17.41756570339203,-4.156609255914716,32
ubfc_d2_subject27_vid_96005bba,train,chrom,single_forehead,39.54077589511871,39.97636248180578,0.09757336917833184,-39.54077589511871,-12.06180709738452,32
ubfc_d2_subject27_vid_96005bba,train,chrom,single_left_cheek,44.54038488864899,45.08752953899067,-0.7478510028913842,-44.54038488864899,-13.292899129184866,32
ubfc_d2_subject27_vid_96005bba,train,chrom,single_right_cheek,44.54038488864899,45.08752953899067,-0.7478510028913842,-44.54038488864899,-15.62786967390916,32
ubfc_d2_subject27_vid_96005bba,train,chrom,average_fusion,44.165414214134216,44.77593966333191,-0.8465362477433402,-44.165414214134216,-13.051400812470673,32
ubfc_d2_subject27_vid_96005bba,train,chrom,quality_weighted_fusion,44.54038488864899,45.08752953899067,-0.7478510028913842,-44.54038488864899,-13.708045002065127,32
ubfc_d2_subject27_vid_96005bba,train,chrom,signal_extraction_baseline,44.16545236110687,44.77597729016634,-0.8465362477433402,-44.16545236110687,-13.051400811136615,32
ubfc_d2_subject27_vid_96005bba,train,pos,single_forehead,3.6532678604125977,4.801622107683309,0.7493021369799963,-2.481175422668457,-3.5796643535158807,32
ubfc_d2_subject27_vid_96005bba,train,pos,single_left_cheek,4.58984899520874,5.961137961655165,0.4643512276071043,-2.7311553955078125,-3.1044273646254523,32
ubfc_d2_subject27_vid_96005bba,train,pos,single_right_cheek,4.152803421020508,5.639931941945107,0.5481167192390398,-2.7936511039733887,-2.4906068616054045,32
ubfc_d2_subject27_vid_96005bba,train,pos,average_fusion,4.214878082275391,5.650926663870346,0.536926920601894,-2.7311558723449707,-2.2371755088050076,32
ubfc_d2_subject27_vid_96005bba,train,pos,quality_weighted_fusion,3.902402400970459,5.067503966839155,0.6761010333136135,-2.418680191040039,-2.2386274555136443,32
ubfc_d2_subject27_vid_96005bba,train,pos,signal_extraction_baseline,4.214897394180298,5.650962470902623,0.5369265997157093,-2.7312281131744385,-2.23717549414189,32
ubfc_d2_subject3_vid_ec56752d,val,green,single_forehead,18.098983026319935,20.819381687830205,0.05335061211460908,-18.0212399882655,-8.832052630366835,31
ubfc_d2_subject3_vid_ec56752d,val,green,single_left_cheek,15.245653213993196,16.56360585455276,0.19057052449599352,-15.245653213993196,-8.749276210419925,31
ubfc_d2_subject3_vid_ec56752d,val,green,single_right_cheek,13.761035796134703,14.854312836807596,0.3947612896559566,-13.761035796134703,-6.9916289542785295,31
ubfc_d2_subject3_vid_ec56752d,val,green,average_fusion,14.27742472002583,15.84537079021493,0.16082384423409268,-14.27742472002583,-7.648592204952529,31
ubfc_d2_subject3_vid_ec56752d,val,green,quality_weighted_fusion,14.729264536211568,15.921231449273423,0.37282614405130343,-14.729264536211568,-7.492070567462213,31
ubfc_d2_subject3_vid_ec56752d,val,green,signal_extraction_baseline,14.277125450872607,15.845110183773597,0.16082392270449386,-14.277125450872607,-7.648592245242964,31
ubfc_d2_subject3_vid_ec56752d,val,chrom,single_forehead,55.653041224325854,55.77665513822107,-0.19741441877270738,-55.653041224325854,-15.038156190269191,31
ubfc_d2_subject3_vid_ec56752d,val,chrom,single_left_cheek,52.49016386462796,52.526327380709596,0.5623337516182063,-52.49016386462796,-15.544182869203505,31
ubfc_d2_subject3_vid_ec56752d,val,chrom,single_right_cheek,56.36307648689516,56.51900393401197,-0.5180383512073666,-56.36307648689516,-13.262754089082964,31
ubfc_d2_subject3_vid_ec56752d,val,chrom,average_fusion,52.231969156572895,52.26405403326637,0.6078638662397127,-52.231969156572895,-13.366458144927972,31
ubfc_d2_subject3_vid_ec56752d,val,chrom,quality_weighted_fusion,52.29651777205929,52.32820426970205,0.6145732076512428,-52.29651777205929,-12.84922395189621,31
ubfc_d2_subject3_vid_ec56752d,val,chrom,signal_extraction_baseline,52.231795772429436,52.26388074059769,0.6078640912250498,-52.231795772429436,-13.366458422043317,31
ubfc_d2_subject3_vid_ec56752d,val,pos,single_forehead,14.858361028855846,15.953143960105642,0.22460749710036665,-14.858361028855846,-7.5772011178641705,31
ubfc_d2_subject3_vid_ec56752d,val,pos,single_left_cheek,9.113540157195061,10.936592364919726,-0.10511711370795539,-9.113540157195061,-6.445642842225516,31
ubfc_d2_subject3_vid_ec56752d,val,pos,single_right_cheek,13.50284158029864,14.54775017969435,0.44958405136768886,-13.50284158029864,-6.561744637401268,31
ubfc_d2_subject3_vid_ec56752d,val,pos,average_fusion,12.470064716954385,14.017835396228945,0.1333908230844731,-12.470064716954385,-6.709055764658976,31
ubfc_d2_subject3_vid_ec56752d,val,pos,quality_weighted_fusion,13.438292964812248,14.6760782506442,0.28701304498829994,-13.438292964812248,-7.019008845912602,31
ubfc_d2_subject3_vid_ec56752d,val,pos,signal_extraction_baseline,12.469760033392138,14.017573049747579,0.13339096704521594,-12.469760033392138,-6.709055771447839,31
ubfc_d2_subject30_vid_939ba08a,train,green,single_forehead,16.950810683401006,21.852759316772413,-0.046004336450558646,-16.156410016511614,-7.016926475430073,38
ubfc_d2_subject30_vid_939ba08a,train,green,single_left_cheek,19.803295537045127,27.9229976651773,0.19683749003637954,-19.473942204525596,-5.664328905596683,38
ubfc_d2_subject30_vid_939ba08a,train,green,single_right_cheek,20.558185577392578,28.790629125686525,-0.09901429278490936,-16.840979927464534,-4.315584715284608,38
ubfc_d2_subject30_vid_939ba08a,train,green,average_fusion,4.751262965955232,8.37824926493348,0.31144307848969,-0.5692693810713919,-2.4383013341189987,38
ubfc_d2_subject30_vid_939ba08a,train,green,quality_weighted_fusion,9.719157771060342,17.295126172849905,0.5133918128613639,-7.941565463417454,-2.2619876595569526,38
ubfc_d2_subject30_vid_939ba08a,train,green,signal_extraction_baseline,4.751209158646433,8.378262939809025,0.31144297720220576,-0.5701664372494346,-2.4383013022173703,38
ubfc_d2_subject30_vid_939ba08a,train,chrom,single_forehead,51.17481703507273,51.77059697599149,-0.1804088194535433,-51.17481703507273,-15.318630734670307,38
ubfc_d2_subject30_vid_939ba08a,train,chrom,single_left_cheek,49.647699657239414,50.11850245649256,0.20246668207797397,-49.647699657239414,-14.05269480002304,38
ubfc_d2_subject30_vid_939ba08a,train,chrom,single_right_cheek,50.068973340486224,50.47332827616712,0.2984988030933945,-50.068973340486224,-13.518940193795238,38
ubfc_d2_subject30_vid_939ba08a,train,chrom,average_fusion,52.43863908868087,52.91093318508562,0.14462009401382572,-52.43863908868087,-12.767491006646157,38
ubfc_d2_subject30_vid_939ba08a,train,chrom,quality_weighted_fusion,50.75354325143915,51.1327883901094,0.293354945102029,-50.75354325143915,-12.755821155334603,38
ubfc_d2_subject30_vid_939ba08a,train,chrom,signal_extraction_baseline,52.43905850460655,52.91134678566199,0.14462008232877913,-52.43905850460655,-12.767491056855816,38
ubfc_d2_subject30_vid_939ba08a,train,pos,single_forehead,3.0493141977410567,5.356679633939965,0.6053254619223113,0.9578494021767064,-0.5337377296861103,38
ubfc_d2_subject30_vid_939ba08a,train,pos,single_left_cheek,3.332120794998972,4.8055990209441415,0.7354387382323625,1.3791234869706004,-0.6603859537085215,38
ubfc_d2_subject30_vid_939ba08a,train,pos,single_right_cheek,3.3709162661903784,5.9906523040288295,0.421793380536814,1.2738049155787419,-0.12882188183073076,38
ubfc_d2_subject30_vid_939ba08a,train,pos,average_fusion,3.365269510369552,5.710736841468065,0.5083735463975966,1.1684865449604236,0.7196429044292885,38
ubfc_d2_subject30_vid_939ba08a,train,pos,quality_weighted_fusion,3.417928796065481,5.8658591957095805,0.4604696627176769,1.2211458306563527,0.7629850138919281,38
ubfc_d2_subject30_vid_939ba08a,train,pos,signal_extraction_baseline,3.365226143284848,5.710553143647373,0.5083734322736604,1.1675738284462376,0.7196429120118533,38
ubfc_d2_subject31_vid_db460d0a,train,green,single_forehead,3.4307315224095394,5.863603141833617,0.29314417170158036,-0.6205725418893915,-3.134869887260849,38
ubfc_d2_subject31_vid_db460d0a,train,green,single_left_cheek,2.0652740880062708,2.6219364389018613,0.07632549176250032,0.16847851401881167,-0.13520221667517193,38
ubfc_d2_subject31_vid_db460d0a,train,green,single_right_cheek,1.6486806367572986,1.9124547232144797,0.49334458491229194,-0.3575549878572163,3.660397818409045,38
ubfc_d2_subject31_vid_db460d0a,train,green,average_fusion,2.0652176706414473,2.663369567890894,0.10508564115591004,0.06327137194181744,3.4129857984586516,38
ubfc_d2_subject31_vid_db460d0a,train,green,quality_weighted_fusion,1.9095806322599713,2.4166265108794174,0.2284478366583855,-0.041934967041015625,2.9883856531636006,38
ubfc_d2_subject31_vid_db460d0a,train,green,signal_extraction_baseline,2.065275894968133,2.663360003270086,0.10508543282391924,0.06307541696648848,3.4129857819884,38
ubfc_d2_subject31_vid_db460d0a,train,chrom,single_forehead,32.18258877804405,32.26787436123828,0.4528781374576032,-32.18258877804405,-12.279096448825337,38
ubfc_d2_subject31_vid_db460d0a,train,chrom,single_left_cheek,25.6597708651894,25.776741868215364,0.4807096132029798,-25.6597708651894,-11.678632801783008,38
ubfc_d2_subject31_vid_db460d0a,train,chrom,single_right_cheek,27.18526860287315,27.394836797923485,0.2531753065055084,-27.18526860287315,-12.889634317034709,38
ubfc_d2_subject31_vid_db460d0a,train,chrom,average_fusion,27.606095665379573,28.117180903312242,0.04324773681807902,-27.606095665379573,-10.856282618768041,38
ubfc_d2_subject31_vid_db460d0a,train,chrom,quality_weighted_fusion,28.447749489232113,28.871249723327313,-0.10144092967882115,-28.447749489232113,-10.394444204793125,38
ubfc_d2_subject31_vid_db460d0a,train,chrom,signal_extraction_baseline,27.60622195193642,28.117302334746483,0.04324774558985234,-27.60622195193642,-10.856282635426389,38
ubfc_d2_subject31_vid_db460d0a,train,pos,single_forehead,1.800140983179996,2.1150179281197747,0.23718296906836708,-0.04193456549393503,6.841306464976277,38
ubfc_d2_subject31_vid_db460d0a,train,pos,single_left_cheek,1.6423309727718955,1.9091334480720308,0.40003924271767183,-0.19974457590203537,6.319140243358818,38
ubfc_d2_subject31_vid_db460d0a,train,pos,single_right_cheek,1.8548610084935238,2.2122167734069556,0.22056338973811315,-0.04193456549393503,6.1553006717308865,38
ubfc_d2_subject31_vid_db460d0a,train,pos,average_fusion,1.800140983179996,2.1150179281197747,0.23718296906836708,-0.04193456549393503,7.57313538136574,38
ubfc_d2_subject31_vid_db460d0a,train,pos,quality_weighted_fusion,1.800140983179996,2.1150179281197747,0.23718296906836708,-0.04193456549393503,7.570863219635631,38
ubfc_d2_subject31_vid_db460d0a,train,pos,signal_extraction_baseline,1.8001899719238281,2.1150176643312775,0.23718325276392593,-0.042131323563425166,7.573135411621539,38
ubfc_d2_subject32_vid_b3cec888,val,green,single_forehead,39.81234359741211,47.88784961563105,0.5246268683855291,-39.80290402864155,-11.943006034377245,38
ubfc_d2_subject32_vid_b3cec888,val,green,single_left_cheek,7.82914894505551,16.09180702790913,0.8003579671970407,-4.416564539859169,-10.228863598274538,38
ubfc_d2_subject32_vid_b3cec888,val,green,single_right_cheek,9.061235929790296,18.050104016600503,0.8425365234381005,-6.101627952174137,-11.360094484907403,38
ubfc_d2_subject32_vid_b3cec888,val,green,average_fusion,6.805876681679173,15.055179302597923,0.8428817210137507,-4.837830593711452,-11.059821827005024,38
ubfc_d2_subject32_vid_b3cec888,val,green,quality_weighted_fusion,8.192978306820518,17.321402005889464,0.8411094642564696,-5.680362099095395,-10.855997401456252,38
ubfc_d2_subject32_vid_b3cec888,val,green,signal_extraction_baseline,6.805640672382555,15.055101408749339,0.8428817342777866,-4.8372749529386825,-11.059821837475523,38
ubfc_d2_subject32_vid_b3cec888,val,chrom,single_forehead,63.70974781638697,64.02678667746461,0.7880428175200603,-63.70974781638697,-16.67153427204386,38
ubfc_d2_subject32_vid_b3cec888,val,chrom,single_left_cheek,56.81151580810547,57.2054848578212,0.7747834282556282,-56.81151580810547,-21.036018907852124,38
ubfc_d2_subject32_vid_b3cec888,val,chrom,single_right_cheek,62.867213801333776,63.46887912688057,0.3640505172918217,-62.867213801333776,-15.164317776333714,38
ubfc_d2_subject32_vid_b3cec888,val,chrom,average_fusion,60.91885988335861,61.6374066184072,-0.27175834302116236,-60.91885988335861,-18.545136871677762,38
ubfc_d2_subject32_vid_b3cec888,val,chrom,quality_weighted_fusion,60.76088533903423,61.43723648309024,0.01868221291613347,-60.76088533903423,-18.489788573416984,38
ubfc_d2_subject32_vid_b3cec888,val,chrom,signal_extraction_baseline,60.91860309400057,61.63715309953363,-0.2717580011275856,-60.91860309400057,-18.54513698047536,38
ubfc_d2_subject32_vid_b3cec888,val,pos,single_forehead,2.418229153281764,3.248196356690483,0.9389366398026802,0.9545763919228002,-6.439605945858844,38
ubfc_d2_subject32_vid_b3cec888,val,pos,single_left_cheek,2.4210560447291325,3.265826457486524,0.936616141645295,0.8492598282663446,-6.07261509385417,38
ubfc_d2_subject32_vid_b3cec888,val,pos,single_right_cheek,2.4177758066277755,3.2842105355430404,0.9383438910740278,1.0072348745245683,-6.072481042422588,38
ubfc_d2_subject32_vid_b3cec888,val,pos,average_fusion,2.418229153281764,3.2995343433093995,0.9364843123690122,0.9545763919228002,-5.937579476280833,38
ubfc_d2_subject32_vid_b3cec888,val,pos,quality_weighted_fusion,2.418229153281764,3.2995343433093995,0.9364843123690122,0.9545763919228002,-6.0801100213177905,38
ubfc_d2_subject32_vid_b3cec888,val,pos,signal_extraction_baseline,2.4181576779014184,3.2997014555394517,0.9364843592391331,0.9551626506604647,-5.937579503668619,38
ubfc_d2_subject33_vid_44aee0f1,train,green,single_forehead,19.17004443437625,29.561144023409994,0.6533747943940224,-18.013540903727215,-5.703853854984615,39
ubfc_d2_subject33_vid_44aee0f1,train,green,single_left_cheek,2.8988620073367386,3.4586074653720322,0.5982746536333372,-2.518533951196915,-1.5292501436517045,39
ubfc_d2_subject33_vid_44aee0f1,train,green,single_right_cheek,3.411941332694812,4.013919837448659,0.6234778265655675,-3.031613276554988,-0.4550647072336061,39
ubfc_d2_subject33_vid_44aee0f1,train,green,average_fusion,3.104093502729367,3.600708163646128,0.6469412266956988,-2.7237654465895433,-0.46831277389507187,39
ubfc_d2_subject33_vid_44aee0f1,train,green,quality_weighted_fusion,3.001477755033053,3.5448763013825797,0.615543166751586,-2.621149698893229,-0.11851775329399708,39
ubfc_d2_subject33_vid_44aee0f1,train,green,signal_extraction_baseline,3.1035122993664865,3.600020020882234,0.6469412653560357,-2.7228469848632812,-0.4683127556129507,39
ubfc_d2_subject33_vid_44aee0f1,train,chrom,single_forehead,72.65652426695212,72.6964652144776,0.5761116817263624,-72.65652426695212,-16.345328381427166,39
ubfc_d2_subject33_vid_44aee0f1,train,chrom,single_left_cheek,71.93821383745242,72.0172823889607,0.2537439291533384,-71.93821383745242,-16.23544773428892,39
ubfc_d2_subject33_vid_44aee0f1,train,chrom,single_right_cheek,67.78226891542093,67.84066098218761,0.6293745769723694,-67.78226891542093,-12.771802306130251,39
ubfc_d2_subject33_vid_44aee0f1,train,chrom,average_fusion,69.83458758623172,70.18391575827671,-0.6188455247853437,-69.83458758623172,-12.065414395168636,39
ubfc_d2_subject33_vid_44aee0f1,train,chrom,quality_weighted_fusion,69.98851189246544,70.26118237865138,-0.505052307440097,-69.98851189246544,-12.031165591477727,39
ubfc_d2_subject33_vid_44aee0f1,train,chrom,signal_extraction_baseline,69.83420083461664,70.18353466944237,-0.6188454423966337,-69.83420083461664,-12.065414347607739,39
ubfc_d2_subject33_vid_44aee0f1,train,pos,single_forehead,2.853514646872496,3.7967353847295637,0.516643045419613,-2.6724581596178885,0.4432405560780155,39
ubfc_d2_subject33_vid_44aee0f1,train,pos,single_left_cheek,2.648334405361078,3.2970784630385723,0.5756795729641737,-2.261994386330629,0.6196078267304999,39
ubfc_d2_subject33_vid_44aee0f1,train,pos,single_right_cheek,2.9561820397010217,3.645702736374615,0.5888480693972817,-2.5698420206705728,1.0430195830388929,39
ubfc_d2_subject33_vid_44aee0f1,train,pos,average_fusion,2.8022584181565504,3.505721267769698,0.5651254588219726,-2.415918399126102,1.3136643397266332,39
ubfc_d2_subject33_vid_44aee0f1,train,pos,quality_weighted_fusion,2.750950348682893,3.432647373155126,0.5867974490609296,-2.364610329652444,1.2040175121872478,39
ubfc_d2_subject33_vid_44aee0f1,train,pos,signal_extraction_baseline,2.8017687675280447,3.505093122530241,0.5651251062129312,-2.414996024889824,1.313664337074782,39
ubfc_d2_subject34_vid_aed2f62a,train,green,single_forehead,30.506749705264443,39.831639634473454,0.40744807690813817,-30.069623947143555,-7.869207175228911,38
ubfc_d2_subject34_vid_aed2f62a,train,green,single_left_cheek,1.3264182241339433,1.6512501595709204,0.6058023444702416,-0.16513442993164062,-3.088680413764346,38
ubfc_d2_subject34_vid_aed2f62a,train,green,single_right_cheek,15.53150096692537,30.021739307589133,-0.39059237919638995,-14.6435402318051,-4.121798228014601,38
ubfc_d2_subject34_vid_aed2f62a,train,green,average_fusion,1.3203566701788652,1.7102707308040213,0.5519851378902332,-0.32307996247944076,-1.26253603529367,38
ubfc_d2_subject34_vid_aed2f62a,train,green,quality_weighted_fusion,1.269734031275699,1.6165460575322,0.6128721688708727,-0.2704315185546875,-1.091424391584488,38
ubfc_d2_subject34_vid_aed2f62a,train,green,signal_extraction_baseline,1.320201271458676,1.7108156445780283,0.5519847450469068,-0.32598716334292765,-1.2625360437725779,38
ubfc_d2_subject34_vid_aed2f62a,train,chrom,single_forehead,69.92473010012978,70.03601634232167,0.19910729143767134,-69.92473010012978,-18.31912188896494,38
ubfc_d2_subject34_vid_aed2f62a,train,chrom,single_left_cheek,71.34624651858681,71.39495066475153,0.1308537853538492,-71.34624651858681,-16.175027066747354,38
ubfc_d2_subject34_vid_aed2f62a,train,chrom,single_right_cheek,68.55586302907844,68.67687326091041,-0.7077717493760045,-68.55586302907844,-16.427860033367317,38
ubfc_d2_subject34_vid_aed2f62a,train,chrom,average_fusion,68.39791619150262,68.58831111216337,-0.4895507174028863,-68.39791619150262,-12.475661820614208,38
ubfc_d2_subject34_vid_aed2f62a,train,chrom,quality_weighted_fusion,69.66148667586477,69.81670107358201,-0.5560695460450146,-69.66148667586477,-13.797372445342651,38
ubfc_d2_subject34_vid_aed2f62a,train,chrom,signal_extraction_baseline,68.39911430760434,68.58949904478277,-0.48955072011151457,-68.39911430760434,-12.475661823092475,38
ubfc_d2_subject34_vid_aed2f62a,train,pos,single_forehead,1.370979108308491,1.7373153163316153,0.542485877340829,-0.48102589657432154,5.097492919619347,38
ubfc_d2_subject34_vid_aed2f62a,train,pos,single_left_cheek,1.320356469405325,1.6451321198731725,0.6029542133970304,-0.4283774526495683,2.314393055039864,38
ubfc_d2_subject34_vid_aed2f62a,train,pos,single_right_cheek,1.3689699674907483,1.7361580929742713,0.5498085931790906,-0.5336745412726152,3.484946429007066,38
ubfc_d2_subject34_vid_aed2f62a,train,pos,average_fusion,1.3689699674907483,1.7361580929742713,0.5498085931790906,-0.5336745412726152,6.541859475668898,38
ubfc_d2_subject34_vid_aed2f62a,train,pos,quality_weighted_fusion,1.3689699674907483,1.7361580929742713,0.5498085931790906,-0.5336745412726152,6.608408838360439,38
ubfc_d2_subject34_vid_aed2f62a,train,pos,signal_extraction_baseline,1.3691237600226152,1.737050436001018,0.5498081713072607,-0.5365769235711348,6.541859508010265,38
ubfc_d2_subject35_vid_d7b63504,train,green,single_forehead,2.6811539087540064,4.072917222768017,0.9277799133988277,1.2125932742387822,-4.793251962454708,39
ubfc_d2_subject35_vid_d7b63504,train,green,single_left_cheek,3.4503228603265224,5.188089483470511,0.8827862858818681,1.8281011336889021,-4.854169743952523,39
ubfc_d2_subject35_vid_d7b63504,train,green,single_right_cheek,2.832792037572616,3.757078209232389,0.936407287351798,1.0074234008789062,-5.788525636187686,39
ubfc_d2_subject35_vid_d7b63504,train,green,average_fusion,3.0389725122696314,4.306254739669196,0.9190538246846327,1.4177621694711537,-4.5814263371800035,39
ubfc_d2_subject35_vid_d7b63504,train,green,quality_weighted_fusion,3.0389725122696314,4.306254739669196,0.9190538246846327,1.4177621694711537,-4.711621961987632,39
ubfc_d2_subject35_vid_d7b63504,train,green,signal_extraction_baseline,3.03896977351262,4.306245239200835,0.919053817081885,1.4177324343950322,-4.581426318253402,39
ubfc_d2_subject35_vid_d7b63504,train,chrom,single_forehead,57.97880475949018,59.88957072573244,-0.6348335518827307,-57.97880475949018,-13.27220387087792,39
ubfc_d2_subject35_vid_d7b63504,train,chrom,single_left_cheek,60.54342269897461,61.52845178369096,-0.2850849291543544,-60.54342269897461,-12.06091322636389,39
ubfc_d2_subject35_vid_d7b63504,train,chrom,single_right_cheek,57.312003013415215,57.96285406562248,0.5598021863499252,-57.312003013415215,-14.224742194325433,39
ubfc_d2_subject35_vid_d7b63504,train,chrom,average_fusion,16.651549510466747,29.71170905744067,0.45851757630020495,-14.636749658829126,-10.313118446290037,39
ubfc_d2_subject35_vid_d7b63504,train,chrom,quality_weighted_fusion,24.08298815213717,36.61347647585998,0.2395329493400159,-22.638359950138973,-12.33594454606483,39
ubfc_d2_subject35_vid_d7b63504,train,chrom,signal_extraction_baseline,16.651555770482773,29.71171653301456,0.45851749841015776,-14.636775872646234,-10.313118430451077,39
ubfc_d2_subject35_vid_d7b63504,train,pos,single_forehead,3.244141798753005,4.688633339519635,0.9045598612595398,1.6229314559545271,-4.4564593794776055,39
ubfc_d2_subject35_vid_d7b63504,train,pos,single_left_cheek,3.0379611284304886,4.358419176556983,0.9155958850405242,1.3151773306039662,-5.059442376767436,39
ubfc_d2_subject35_vid_d7b63504,train,pos,single_right_cheek,2.7825106107271633,3.8782328640370527,0.9323443473145387,1.0587154290614984,-5.218914361481981,39
ubfc_d2_subject35_vid_d7b63504,train,pos,average_fusion,2.986668708996895,4.1408935486449625,0.9241535607342365,1.2638849111703725,-4.740553801789683,39
ubfc_d2_subject35_vid_d7b63504,train,pos,quality_weighted_fusion,2.986668708996895,4.1408935486449625,0.9241535607342365,1.2638849111703725,-4.68622528998142,39
ubfc_d2_subject35_vid_d7b63504,train,pos,signal_extraction_baseline,2.9866673396183896,4.140884709261295,0.9241535450049522,1.2638553717197516,-4.740553783982272,39
ubfc_d2_subject36_vid_7beac57a,train,green,single_forehead,2.3071445562900643,3.239320814354397,0.1740378123307032,-0.3857308412209535,-3.3558478587371123,39
ubfc_d2_subject36_vid_7beac57a,train,green,single_left_cheek,2.3071441650390625,3.0926787409953804,0.278245233345231,-0.4883164625901442,-3.8663094216178266,39
ubfc_d2_subject36_vid_7beac57a,train,green,single_right_cheek,2.2505045181665664,2.8620618449688737,0.5549089424123791,-1.3602958092322717,-2.888871653744929,39
ubfc_d2_subject36_vid_7beac57a,train,green,average_fusion,2.5109466161483374,3.315135511073614,0.110649093037886,-0.6934882922050281,-1.1832499619531152,39
ubfc_d2_subject36_vid_7beac57a,train,green,quality_weighted_fusion,2.5622394268329325,3.345543867170199,0.10097812010348912,-0.7447811028896234,-1.7918689171391902,39
ubfc_d2_subject36_vid_7beac57a,train,green,signal_extraction_baseline,2.510805374536759,3.314900545866869,0.1106488818788412,-0.6923360580053085,-1.1832499564413133,39
ubfc_d2_subject36_vid_7beac57a,train,chrom,single_forehead,77.01735393817609,77.26829194452841,-0.14467653546337944,-77.01735393817609,-14.255539068025104,39
ubfc_d2_subject36_vid_7beac57a,train,chrom,single_left_cheek,77.27381848066281,77.32056045948877,0.5653339479696396,-77.27381848066281,-15.720096865332938,39
ubfc_d2_subject36_vid_7beac57a,train,chrom,single_right_cheek,73.83719361134065,73.86724290727784,0.7178907940181294,-73.83719361134065,-17.72836658403941,39
ubfc_d2_subject36_vid_7beac57a,train,chrom,average_fusion,77.376404102032,77.57565180060408,0.09462341447103327,-77.376404102032,-15.142964134397749,39
ubfc_d2_subject36_vid_7beac57a,train,chrom,quality_weighted_fusion,78.043212108123,78.14014289964861,0.16107024591449157,-78.043212108123,-14.698076964977373,39
ubfc_d2_subject36_vid_7beac57a,train,chrom,signal_extraction_baseline,77.37598018157176,77.57523185486288,0.09462341084475075,-77.37598018157176,-15.142964258455123,39
ubfc_d2_subject36_vid_7beac57a,train,pos,single_forehead,2.303134037898137,2.8826697545511917,0.4480343486775856,-0.949952150002504,2.0406772850627295,39
ubfc_d2_subject36_vid_7beac57a,train,pos,single_left_cheek,2.508305085011018,3.2522660094975864,0.19372710761981715,-0.7447807116386218,-0.06503489589479353,39
ubfc_d2_subject36_vid_7beac57a,train,pos,single_right_cheek,1.9428335336538463,2.519014111196245,0.6966237867650907,-1.2577096009865785,-0.4759389885158496,39
ubfc_d2_subject36_vid_7beac57a,train,pos,average_fusion,2.2005482209034457,2.8106021957486527,0.4912080342827229,-0.9499519543770032,2.127555590704811,39
ubfc_d2_subject36_vid_7beac57a,train,pos,quality_weighted_fusion,2.3031338422726364,2.8835896124350002,0.43258593967740605,-0.8473663330078125,2.465558120685842,39
ubfc_d2_subject36_vid_7beac57a,train,pos,signal_extraction_baseline,2.2002854958558693,2.810215079009189,0.4912082871090769,-0.9488030458107973,2.127555609039876,39
ubfc_d2_subject37_vid_4b033dba,train,green,single_forehead,8.130908966064453,9.016835827534555,-0.1924958747268046,-8.130908966064453,-4.9921530173629,38
ubfc_d2_subject37_vid_4b033dba,train,green,single_left_cheek,8.183524081581517,8.934912902974649,-0.21506018253448367,-8.183524081581517,-4.659621809118503,38
ubfc_d2_subject37_vid_4b033dba,train,green,single_right_cheek,7.867832284224661,8.65914921954669,-0.19622314774233485,-7.867832284224661,-4.708031955450848,38
ubfc_d2_subject37_vid_4b033dba,train,green,average_fusion,8.288754814549497,9.121580956156697,-0.20563401810892593,-8.288754814549497,-3.970100140211339,38
ubfc_d2_subject37_vid_4b033dba,train,green,quality_weighted_fusion,8.183524181968288,9.005278818433418,-0.20348429059252238,-8.183524181968288,-3.7704381305530394,38
ubfc_d2_subject37_vid_4b033dba,train,green,signal_extraction_baseline,8.288901981554533,9.121711287346965,-0.20563407444806217,-8.288901981554533,-3.9701001660832786,38
ubfc_d2_subject37_vid_4b033dba,train,chrom,single_forehead,18.022584814774362,18.147397808731437,-0.20001241855341786,-18.022584814774362,-8.346145851796047,38
ubfc_d2_subject37_vid_4b033dba,train,chrom,single_left_cheek,19.653658214368317,19.69721985381405,0.02670580725595692,-19.653658214368317,-6.267555169174383,38
ubfc_d2_subject37_vid_4b033dba,train,chrom,single_right_cheek,14.392129596910978,14.969607557172155,0.10468743831408851,-14.392129596910978,-7.972251027367094,38
ubfc_d2_subject37_vid_4b033dba,train,chrom,average_fusion,15.70751200224224,16.271095411323074,0.022535397603180223,-15.70751200224224,-6.744224978234462,38
ubfc_d2_subject37_vid_4b033dba,train,chrom,quality_weighted_fusion,17.443817439832184,17.55448388933974,-0.04591143796643743,-17.443817439832184,-6.88614278432388,38
ubfc_d2_subject37_vid_4b033dba,train,chrom,signal_extraction_baseline,15.707639393053556,16.271215663131443,0.022535493683194543,-15.707639393053556,-6.744224958631016,38
ubfc_d2_subject37_vid_4b033dba,train,pos,single_forehead,8.44660066303454,9.276312042424511,-0.22927674354566946,-8.44660066303454,-3.9794274050154224,38
ubfc_d2_subject37_vid_4b033dba,train,pos,single_left_cheek,8.288754814549497,9.173333871031854,-0.2150985837114025,-8.288754814549497,-2.9409018753501592,38
ubfc_d2_subject37_vid_4b033dba,train,pos,single_right_cheek,8.499215979325143,9.332955661494783,-0.23041111465738368,-8.499215979325143,-4.687880715936307,38
ubfc_d2_subject37_vid_4b033dba,train,pos,average_fusion,8.499215979325143,9.332955661494783,-0.23041111465738368,-8.499215979325143,-3.698676209417844,38
ubfc_d2_subject37_vid_4b033dba,train,pos,quality_weighted_fusion,8.499215979325143,9.332955661494783,-0.23041111465738368,-8.499215979325143,-3.656468752472853,38
ubfc_d2_subject37_vid_4b033dba,train,pos,signal_extraction_baseline,8.49936264439633,9.33308585706869,-0.23041117440433448,-8.49936264439633,-3.6986762252631014,38
ubfc_d2_subject38_vid_80a9ce44,train,green,single_forehead,2.028709215995593,3.043237294727452,0.6400649929885698,-1.4329830071864984,-5.467274643561684,39
ubfc_d2_subject38_vid_80a9ce44,train,green,single_left_cheek,1.5473982982146435,2.248708810928828,0.7338542313226766,-0.35653901711488384,3.1197969108334593,39
ubfc_d2_subject38_vid_80a9ce44,train,green,single_right_cheek,1.6574141673552685,2.4303564573167757,0.7102727827221094,-0.6640943869566306,1.9204837121096452,39
ubfc_d2_subject38_vid_80a9ce44,train,green,average_fusion,1.7187537168845153,2.7729239963028474,0.6606600886408445,-1.074168474246294,3.2878941636999706,39
ubfc_d2_subject38_vid_80a9ce44,train,green,quality_weighted_fusion,1.5086425389998999,2.4324235617944305,0.7156564011746771,-0.7666131044045473,4.5750756815077045,39
ubfc_d2_subject38_vid_80a9ce44,train,green,signal_extraction_baseline,1.718954819899339,2.7730634429175254,0.660659840402421,-1.0745362501878004,3.287894170951179,39
ubfc_d2_subject38_vid_80a9ce44,train,chrom,single_forehead,62.32890466543344,62.404573702047664,0.5855782732677713,-62.32890466543344,-15.77506178972165,39
ubfc_d2_subject38_vid_80a9ce44,train,chrom,single_left_cheek,63.200310927170975,63.39261280413832,-0.7443812322934276,-63.200310927170975,-12.258104432510027,39
ubfc_d2_subject38_vid_80a9ce44,train,chrom,single_right_cheek,63.50786639482547,63.57439606373165,0.40117894908141166,-63.50786639482547,-13.216777435237066,39
ubfc_d2_subject38_vid_80a9ce44,train,chrom,average_fusion,60.0222416413136,61.73671389297298,-0.17076628249921583,-60.0222416413136,-11.817837476231052,39
ubfc_d2_subject38_vid_80a9ce44,train,chrom,quality_weighted_fusion,62.482682741605316,62.68165382982073,-0.24070191994138926,-62.482682741605316,-11.875689313259837,39
ubfc_d2_subject38_vid_80a9ce44,train,chrom,signal_extraction_baseline,60.02240968361879,61.736867152186505,-0.17076633722890378,-60.02240968361879,-11.817837489491513,39
ubfc_d2_subject38_vid_80a9ce44,train,pos,single_forehead,1.8212722387069311,2.8476396509018795,0.6536059896598795,-1.1766869960687099,-1.1537535919555846,39
ubfc_d2_subject38_vid_80a9ce44,train,pos,single_left_cheek,1.4985621525691106,2.2268952867420397,0.7440476620963089,-0.40779818021334135,5.49313158360134,39
ubfc_d2_subject38_vid_80a9ce44,train,pos,single_right_cheek,1.5498213156675682,2.3401821222263393,0.72403780878789,-0.45905734331179887,4.6445550023157605,39
ubfc_d2_subject38_vid_80a9ce44,train,pos,average_fusion,1.608646490635016,2.5556839727372407,0.6912340215482852,-0.7666129087790464,5.629339334414931,39
ubfc_d2_subject38_vid_80a9ce44,train,pos,quality_weighted_fusion,1.5498213156675682,2.3401821222263393,0.72403780878789,-0.45905734331179887,6.661983968784301,39
ubfc_d2_subject38_vid_80a9ce44,train,pos,signal_extraction_baseline,1.6087904710036058,2.555791693268251,0.6912338134609716,-0.7669822497245593,5.629339365276399,39
ubfc_d2_subject39_vid_eed2a37c,train,green,single_forehead,1.6876345903445513,2.1597294464802212,0.4459615567019582,-1.5376285650791266,-1.9506255337784573,39
ubfc_d2_subject39_vid_eed2a37c,train,green,single_left_cheek,1.9439697265625,2.4515381177194597,0.3420699514670564,-1.7939637012970753,2.4375925723112952,39
ubfc_d2_subject39_vid_eed2a37c,train,green,single_right_cheek,1.5851012009840746,1.9853816083529752,0.4822535121176632,-1.4350951757186499,2.756121180802436,39
ubfc_d2_subject39_vid_eed2a37c,train,green,average_fusion,1.687634981595553,2.087331543411133,0.458368146262246,-1.5376289563301282,3.7455921941744474,39
ubfc_d2_subject39_vid_eed2a37c,train,green,quality_weighted_fusion,1.687634981595553,2.087331543411133,0.458368146262246,-1.5376289563301282,4.348344722903394,39
ubfc_d2_subject39_vid_eed2a37c,train,green,signal_extraction_baseline,1.6882422031500401,2.0878559780326813,0.4583681462651379,-1.5383472931690705,3.7455921716687253,39
ubfc_d2_subject39_vid_eed2a37c,train,chrom,single_forehead,39.78276032667894,39.86672702138723,-0.49346673655194173,-39.78276032667894,-13.273023262723616,39
ubfc_d2_subject39_vid_eed2a37c,train,chrom,single_left_cheek,36.50167768429487,36.694146103633294,0.24538959501203766,-36.50167768429487,-11.514268942793782,39
ubfc_d2_subject39_vid_eed2a37c,train,chrom,single_right_cheek,34.707334860777245,34.98252545778501,-0.38563878851618993,-34.707334860777245,-11.80465176658959,39
ubfc_d2_subject39_vid_eed2a37c,train,chrom,average_fusion,38.962489397097855,39.053128063960685,-0.1396933511939235,-38.962489397097855,-10.741253450998746,39
ubfc_d2_subject39_vid_eed2a37c,train,chrom,quality_weighted_fusion,39.42389170328776,39.50489273390083,-0.29697718829698233,-39.42389170328776,-11.115540327901478,39
ubfc_d2_subject39_vid_eed2a37c,train,chrom,signal_extraction_baseline,38.962889842497994,39.05352645058975,-0.13969320720685738,-38.962889842497994,-10.741253427959228,39
ubfc_d2_subject39_vid_eed2a37c,train,pos,single_forehead,1.9439697265625,2.4929995708281414,0.32958019968811825,-1.7939637012970753,4.114704589063277,39
ubfc_d2_subject39_vid_eed2a37c,train,pos,single_left_cheek,1.6888897235576923,2.087932400571318,0.5208043915594452,-1.588895748823117,3.7669516566796943,39
ubfc_d2_subject39_vid_eed2a37c,train,pos,single_right_cheek,1.5338342128655849,1.9587334636564848,0.483448161424933,-1.3838281876001604,3.8117138375315207,39
ubfc_d2_subject39_vid_eed2a37c,train,pos,average_fusion,1.687634981595553,2.087331543411133,0.458368146262246,-1.5376289563301282,5.231361622919536,39
ubfc_d2_subject39_vid_eed2a37c,train,pos,quality_weighted_fusion,1.7389019697140424,2.1364901819326474,0.42927687534502695,-1.5888959444486177,5.09756358640673,39
ubfc_d2_subject39_vid_eed2a37c,train,pos,signal_extraction_baseline,1.6882422031500401,2.0878559780326813,0.4583681462651379,-1.5383472931690705,5.231361647273571,39
ubfc_d2_subject4_vid_46266333,train,green,single_forehead,24.03218437643612,29.32991040999172,0.09762545383320459,-24.03218437643612,-6.753203874687346,17
ubfc_d2_subject4_vid_46266333,train,green,single_left_cheek,7.815299539005055,9.533914361330135,-0.4356570960358549,-5.673614501953125,-1.5961754939829147,17
ubfc_d2_subject4_vid_46266333,train,green,single_right_cheek,4.759580724379596,6.154845516977661,-0.10930384326661828,-2.8492198270909928,-1.7786298335464208,17
ubfc_d2_subject4_vid_46266333,train,green,average_fusion,4.990904864142923,6.133011395085415,-0.26499201088663066,-3.3199516745174633,-1.3815425628745954,17
ubfc_d2_subject4_vid_46266333,train,green,quality_weighted_fusion,5.2262707878561585,6.926346435895359,-0.054192289670143834,-3.3199525720932903,-0.859976315854591,17
ubfc_d2_subject4_vid_46266333,train,green,signal_extraction_baseline,4.990623922909007,6.132486785633849,-0.26499195941519377,-3.3189329259535847,-1.3815425500868364,17
ubfc_d2_subject4_vid_46266333,train,chrom,single_forehead,57.68956891228171,57.89607609097131,0.469971649045219,-57.68956891228171,-17.426292888121257,17
ubfc_d2_subject4_vid_46266333,train,chrom,single_left_cheek,67.10421910005458,67.15231912115604,0.41229446963089655,-67.10421910005458,-14.31413283543109,17
ubfc_d2_subject4_vid_46266333,train,chrom,single_right_cheek,60.86701404347139,60.958659731311435,-0.15960741046243898,-60.86701404347139,-13.944392950366232,17
ubfc_d2_subject4_vid_46266333,train,chrom,average_fusion,66.9865363625919,67.01024031161332,0.7398407162626208,-66.9865363625919,-14.451855543395686,17
ubfc_d2_subject4_vid_46266333,train,chrom,quality_weighted_fusion,67.10421910005458,67.1488129906292,0.4412319755232136,-67.10421910005458,-14.608438418437773,17
ubfc_d2_subject4_vid_46266333,train,chrom,signal_extraction_baseline,66.98612123377183,67.00982528959977,0.7398405231107087,-66.98612123377183,-14.45185552535344,17
ubfc_d2_subject4_vid_46266333,train,pos,single_forehead,4.994946648092831,6.960244607936933,-0.07094256406494218,-3.3199525720932903,-1.2316042373547655,17
ubfc_d2_subject4_vid_46266333,train,pos,single_left_cheek,3.115987441119026,4.352018844603738,-0.08810416386887386,-0.9662897446576286,-1.1245147933173827,17
ubfc_d2_subject4_vid_46266333,train,pos,single_right_cheek,6.638468125287225,8.173566133555347,-0.25695816087040424,-3.3199525720932903,-1.494011572166345,17
ubfc_d2_subject4_vid_46266333,train,pos,average_fusion,4.406531390021829,6.041059701199593,0.012438116447706218,-2.496170492733226,-0.7968655210787191,17
ubfc_d2_subject4_vid_46266333,train,pos,quality_weighted_fusion,5.2262707878561585,6.926346435895359,-0.054192289670143834,-3.3199525720932903,-0.8455141551295363,17
ubfc_d2_subject4_vid_46266333,train,pos,signal_extraction_baseline,4.406368928797105,6.040671415750986,0.012438057331595191,-2.495141870835248,-0.7968655123343233,17
ubfc_d2_subject40_vid_15e62326,test,green,single_forehead,1.9909483257092928,2.3811084596850227,0.1579659243360631,-1.5838165283203125,-3.766386944272801,38
ubfc_d2_subject40_vid_15e62326,test,green,single_left_cheek,1.6821718717876233,2.046352598641508,0.5399569404689393,-1.4786059730931331,0.15094447710005965,38
ubfc_d2_subject40_vid_15e62326,test,green,single_right_cheek,1.7828208521792763,2.1456255545203415,0.35803784218213996,-1.4260004947060032,0.24778750328285884,38
ubfc_d2_subject40_vid_15e62326,test,green,average_fusion,1.7302157753392269,2.0696856639494348,0.3932094242489573,-1.373395417865954,0.4675271661057341,38
ubfc_d2_subject40_vid_15e62326,test,green,quality_weighted_fusion,1.7325096130371094,2.070793116266307,0.4492709032458621,-1.4260006954795437,0.8064590881346221,38
ubfc_d2_subject40_vid_15e62326,test,green,signal_extraction_baseline,1.7302101536800987,2.0696806012679927,0.3932094242489573,-1.3733877884714227,0.46752716123700455,38
ubfc_d2_subject40_vid_15e62326,test,chrom,single_forehead,35.987625423230625,36.343187238067586,-0.42732046652302,-35.987625423230625,-14.012685197679822,38
ubfc_d2_subject40_vid_15e62326,test,chrom,single_left_cheek,39.14393746225458,39.36253021638605,0.3921357957343187,-39.14393746225458,-12.311367647188021,38
ubfc_d2_subject40_vid_15e62326,test,chrom,single_right_cheek,39.196543542962324,39.551212519913406,-0.6244954471403406,-39.196543542962324,-11.444409932400713,38
ubfc_d2_subject40_vid_15e62326,test,chrom,average_fusion,39.88041114807129,40.19415215775804,-0.439067049846231,-39.88041114807129,-11.322581239274205,38
ubfc_d2_subject40_vid_15e62326,test,chrom,quality_weighted_fusion,39.93301622491134,40.247818679521465,-0.602815580592511,-39.93301622491134,-11.716548177238158,38
ubfc_d2_subject40_vid_15e62326,test,chrom,signal_extraction_baseline,39.880408939562344,40.19414991733166,-0.4390671487924747,-39.880408939562344,-11.322581169515795,38
ubfc_d2_subject40_vid_15e62326,test,pos,single_forehead,1.7782331767835116,2.143487404808926,0.2461190145255216,-1.320789939478824,1.5968044291996388,38
ubfc_d2_subject40_vid_15e62326,test,pos,single_left_cheek,1.7256280999434621,2.067468979675776,0.2691161660743314,-1.2681848626387746,1.3560478923887642,38
ubfc_d2_subject40_vid_15e62326,test,pos,single_right_cheek,1.7782331767835116,2.143487404808926,0.2461190145255216,-1.320789939478824,1.3319710133397598,38
ubfc_d2_subject40_vid_15e62326,test,pos,average_fusion,1.7782331767835116,2.143487404808926,0.2461190145255216,-1.320789939478824,1.8425249046440684,38
ubfc_d2_subject40_vid_15e62326,test,pos,quality_weighted_fusion,1.7782331767835116,2.143487404808926,0.2461190145255216,-1.320789939478824,1.8577770870521237,38
ubfc_d2_subject40_vid_15e62326,test,pos,signal_extraction_baseline,1.7782285589920848,2.1434830822891886,0.24611890259520175,-1.320782510857833,1.8425248989388816,38
ubfc_d2_subject41_vid_48605054,train,green,single_forehead,12.416447957356771,21.174411396920778,-0.17153695211061487,-12.317729069636417,-5.792375449040913,39
ubfc_d2_subject41_vid_48605054,train,green,single_left_cheek,44.9719001574394,45.94253790197567,-0.3512219247744698,-44.9719001574394,-10.951904560792567,39
ubfc_d2_subject41_vid_48605054,train,green,single_right_cheek,34.090746170435196,38.791064053704176,-0.4922368535506844,-33.54037847274389,-7.894896474759607,39
ubfc_d2_subject41_vid_48605054,train,green,average_fusion,24.8123041788737,32.8641938808432,-0.675721664858689,-24.31313949976212,-6.7654317166961695,39
ubfc_d2_subject41_vid_48605054,train,green,quality_weighted_fusion,23.938920045510315,32.35551487451937,-0.7302397365856615,-23.339153387607674,-6.092019094227714,39
ubfc_d2_subject41_vid_48605054,train,green,signal_extraction_baseline,24.812180739182693,32.864062401762034,-0.6757216735240542,-24.31291081355168,-6.765431727517544,39
ubfc_d2_subject41_vid_48605054,train,chrom,single_forehead,54.096613077016976,54.36535925966866,-0.5402201653466312,-54.096613077016976,-14.53288573713051,39
ubfc_d2_subject41_vid_48605054,train,chrom,single_left_cheek,56.24963545187926,56.375185780511536,-0.03870538967635975,-56.24963545187926,-17.665973304482375,39
ubfc_d2_subject41_vid_48605054,train,chrom,single_right_cheek,56.04458549695137,56.15626878133983,0.0009995427137897625,-56.04458549695137,-19.887943676310947,39
ubfc_d2_subject41_vid_48605054,train,chrom,average_fusion,56.813522143241684,56.90842705014872,0.15073490869658962,-56.813522143241684,-17.84013241894199,39
ubfc_d2_subject41_vid_48605054,train,chrom,quality_weighted_fusion,56.813522143241684,56.90842705014872,0.15073490869658962,-56.813522143241684,-18.195885365799246,39
ubfc_d2_subject41_vid_48605054,train,chrom,signal_extraction_baseline,56.81338794414814,56.908293107038375,0.15073490869658954,-56.81338794414814,-17.84013248395385,39
ubfc_d2_subject41_vid_48605054,train,pos,single_forehead,2.0023658948066907,2.5370235516545705,0.8124751837514571,-1.6038814446864984,1.8841804329775946,39
ubfc_d2_subject41_vid_48605054,train,pos,single_left_cheek,2.3119612473707933,2.9180391663944065,0.7638798909422526,-1.962718474559295,-1.783802856100728,39
ubfc_d2_subject41_vid_48605054,train,pos,single_right_cheek,2.0974033062274637,2.6652491271446954,0.7860096458926067,-0.8349454830854367,-1.1888652596880165,39
ubfc_d2_subject41_vid_48605054,train,pos,average_fusion,2.2061280470628004,2.7298637893909583,0.7662306653868112,-1.347569587903145,1.436347470569558,39
ubfc_d2_subject41_vid_48605054,train,pos,quality_weighted_fusion,2.1561531653771033,2.6930156736976243,0.7753608889784155,-1.552619151580028,2.0730456643314112,39
ubfc_d2_subject41_vid_48605054,train,pos,signal_extraction_baseline,2.205958244128105,2.729724661853273,0.7662305403218379,-1.3472757584009416,1.436347481423229,39
ubfc_d2_subject42_vid_d6f3cefa,train,green,single_forehead,1.9744442670773237,3.071502436719943,0.8752277800553601,1.1325847919170673,-2.2344765379344578,39
ubfc_d2_subject42_vid_d6f3cefa,train,green,single_left_cheek,1.815481723883213,2.6743790569658143,0.9206431863270806,0.87604737893129,0.6395942654027409,39
ubfc_d2_subject42_vid_d6f3cefa,train,green,single_right_cheek,1.6127718411959135,2.3226622210766252,0.887711298523709,0.7221249311398237,0.8168140432952108,39
ubfc_d2_subject42_vid_d6f3cefa,train,green,average_fusion,1.8693092541816907,2.8254387123536917,0.8860955590572617,0.9786623441256009,1.9118494433416398,39
ubfc_d2_subject42_vid_d6f3cefa,train,green,quality_weighted_fusion,1.8693092541816907,2.8254387123536917,0.8860955590572617,0.9786623441256009,2.1199948027419397,39
ubfc_d2_subject42_vid_d6f3cefa,train,green,signal_extraction_baseline,1.8691155849358974,2.8252431028719682,0.8860954913911897,0.9780719463641827,1.9118494637069325,39
ubfc_d2_subject42_vid_d6f3cefa,train,chrom,single_forehead,47.86608378092448,48.01918470464666,0.5130462419655941,-47.86608378092448,-11.630804991436268,39
ubfc_d2_subject42_vid_d6f3cefa,train,chrom,single_left_cheek,45.505939288017075,45.7681492464305,-0.018520783396299815,-45.505939288017075,-11.057328949778512,39
ubfc_d2_subject42_vid_d6f3cefa,train,chrom,single_right_cheek,48.84092722183619,49.172574582397175,0.117712623854252,-48.84092722183619,-10.929451409899052,39
ubfc_d2_subject42_vid_d6f3cefa,train,chrom,average_fusion,45.916398072854065,46.09547086144871,0.32037875790771464,-45.916398072854065,-10.909340304211064,39
ubfc_d2_subject42_vid_d6f3cefa,train,chrom,quality_weighted_fusion,45.916398072854065,46.09547086144871,0.32037875790771464,-45.916398072854065,-10.865891450264463,39
ubfc_d2_subject42_vid_d6f3cefa,train,chrom,signal_extraction_baseline,45.916705889579575,46.09577753660639,0.32037875790771464,-45.916705889579575,-10.909340325706252,39
ubfc_d2_subject42_vid_d6f3cefa,train,pos,single_forehead,1.9180964934520233,3.052258618582885,0.9278199908276135,0.9786621485001001,3.0854672364262776,39
ubfc_d2_subject42_vid_d6f3cefa,train,pos,single_left_cheek,1.9155512100610979,2.877578238787329,0.9389643813263601,0.87604737893129,2.8417365192796966,39
ubfc_d2_subject42_vid_d6f3cefa,train,pos,single_right_cheek,2.0257515540489783,3.328738318607648,0.8453461906677664,1.183892078888722,3.011633732962527,39
ubfc_d2_subject42_vid_d6f3cefa,train,pos,average_fusion,1.9206165411533453,3.0530845500170978,0.9158007297574411,1.0299696310972557,3.6834982960797147,39
ubfc_d2_subject42_vid_d6f3cefa,train,pos,quality_weighted_fusion,1.9180964934520233,3.052258618582885,0.9278199908276135,0.9786621485001001,3.5735738453635406,39
ubfc_d2_subject42_vid_d6f3cefa,train,pos,signal_extraction_baseline,1.9204226762820513,3.0528939724499016,0.9158007335464184,1.0293790377103365,3.6834983083534127,39
ubfc_d2_subject43_vid_db0cb8aa,train,green,single_forehead,16.762444911858974,21.282925294539442,0.21436386070979344,-16.548487736628605,-5.404887260234171,39
ubfc_d2_subject43_vid_db0cb8aa,train,green,single_left_cheek,26.188150259164665,31.51063372836989,-0.19109686823063285,-25.576883560571915,-6.496818265746401,39
ubfc_d2_subject43_vid_db0cb8aa,train,green,single_right_cheek,2.7086574847881613,3.560367359396177,-0.1331270955964226,-0.49230624467898637,-3.228797363985861,39
ubfc_d2_subject43_vid_db0cb8aa,train,green,average_fusion,8.341073451898037,15.355454431189875,0.39692210399220745,-7.571389614007412,-3.7898068390426998,39
ubfc_d2_subject43_vid_db0cb8aa,train,green,quality_weighted_fusion,3.375511951935597,4.808758690585914,-0.4914558461957563,-0.8000924526116787,-3.5015135823639016,39
ubfc_d2_subject43_vid_db0cb8aa,train,green,signal_extraction_baseline,8.341209411621094,15.35559915669446,0.39692206692322124,-7.571793580666567,-3.7898068282842705,39
ubfc_d2_subject43_vid_db0cb8aa,train,chrom,single_forehead,50.353675744472405,50.53862836393571,-0.22371476856408729,-50.353675744472405,-11.725348629848988,39
ubfc_d2_subject43_vid_db0cb8aa,train,chrom,single_left_cheek,51.17443896562625,51.24163479399526,0.4014413583189528,-51.17443896562625,-12.947384347665878,39
ubfc_d2_subject43_vid_db0cb8aa,train,chrom,single_right_cheek,51.687415978847405,51.96978401241152,-0.40583810716430124,-51.687415978847405,-12.196790661789938,39
ubfc_d2_subject43_vid_db0cb8aa,train,chrom,average_fusion,52.6620723039676,52.785366082190635,0.08607956403168641,-52.6620723039676,-11.682217837549851,39
ubfc_d2_subject43_vid_db0cb8aa,train,chrom,quality_weighted_fusion,50.40497344579452,50.47595723192069,0.46655265025215165,-50.40497344579452,-12.025137851903153,39
ubfc_d2_subject43_vid_db0cb8aa,train,chrom,signal_extraction_baseline,52.662272135416664,52.78556488504494,0.08607968267367626,-52.662272135416664,-11.682217925954177,39
ubfc_d2_subject43_vid_db0cb8aa,train,pos,single_forehead,3.5953089396158853,5.028359214839559,-0.42519441738200264,-1.3130694658328326,1.501432310539005,39
ubfc_d2_subject43_vid_db0cb8aa,train,pos,single_left_cheek,3.491226391914563,4.882527270153428,-0.325295366756029,-1.4669625697991786,1.0023908705315439,39
ubfc_d2_subject43_vid_db0cb8aa,train,pos,single_right_cheek,3.1879798693534656,4.259926109654049,-0.2357606391405746,-0.5436039460011017,1.1106401252009,39
ubfc_d2_subject43_vid_db0cb8aa,train,pos,average_fusion,3.6466066409380007,5.019048896228524,-0.4148912883727917,-1.1591763618664863,1.9078132635392269,39
ubfc_d2_subject43_vid_db0cb8aa,train,pos,quality_weighted_fusion,3.5953089396158853,4.905624562980039,-0.3909320010542191,-1.107878660544371,1.8645359418504948,39
ubfc_d2_subject43_vid_db0cb8aa,train,pos,signal_extraction_baseline,3.6466543735601964,5.019137597786674,-0.41489115685620204,-1.159609867976262,1.907813253820077,39
ubfc_d2_subject44_vid_66b401c5,train,green,single_forehead,7.41082050925807,10.485899450429006,0.39246936956135975,-5.851883436504163,-7.9978747440559195,38
ubfc_d2_subject44_vid_66b401c5,train,green,single_left_cheek,5.295551902369449,6.474386041139259,-0.09561614248200288,-0.3281615407843339,-2.0540772509412135,38
ubfc_d2_subject44_vid_66b401c5,train,green,single_right_cheek,6.125378859670539,6.912355304816381,-0.2364435918533471,0.040086645829050166,-3.0081788090368553,38
ubfc_d2_subject44_vid_66b401c5,train,green,average_fusion,5.242549896240234,6.568343063477178,-0.04582972557768153,-1.222478565416838,-2.097159195277053,38
ubfc_d2_subject44_vid_66b401c5,train,green,quality_weighted_fusion,5.346009505422492,6.580361597463144,-0.09407891654256376,-0.5385890759919819,-1.6592986343682252,38
ubfc_d2_subject44_vid_66b401c5,train,green,signal_extraction_baseline,5.242535038998253,6.5683297780081285,-0.04582965319105459,-1.2223914297003495,-2.0971591975570316,38
ubfc_d2_subject44_vid_66b401c5,train,chrom,single_forehead,35.153910988255554,35.67098164319241,-0.39847853316267373,-35.153910988255554,-16.008181299461665,38
ubfc_d2_subject44_vid_66b401c5,train,chrom,single_left_cheek,32.36574614675421,32.521618695998086,0.5823349016439907,-32.36574614675421,-19.822852671952557,38
ubfc_d2_subject44_vid_66b401c5,train,chrom,single_right_cheek,35.94301424528423,36.418747520264326,-0.5394988217805492,-35.94301424528423,-11.812760157683929,38
ubfc_d2_subject44_vid_66b401c5,train,chrom,average_fusion,36.73211750231291,37.26593186239807,-0.5349558219453322,-36.73211750231291,-13.263688898599835,38
ubfc_d2_subject44_vid_66b401c5,train,chrom,quality_weighted_fusion,36.52168996710526,37.02220982401212,-0.4551341137280524,-36.52168996710526,-13.159710811217822,38
ubfc_d2_subject44_vid_66b401c5,train,chrom,signal_extraction_baseline,36.732070320530944,37.26588580335776,-0.5349558372370465,-36.732070320530944,-13.263688888383808,38
ubfc_d2_subject44_vid_66b401c5,train,pos,single_forehead,5.0806529396458675,6.29395636078679,0.050202565194267704,-0.4859821921900699,-1.855846642498484,38
ubfc_d2_subject44_vid_66b401c5,train,pos,single_left_cheek,5.447122272692229,6.498678499613926,-0.07310079810685395,-0.3281615407843339,-1.3491901131493298,38
ubfc_d2_subject44_vid_66b401c5,train,pos,single_right_cheek,6.074353268271999,6.967981083013518,-0.18055257449211906,-0.4333753083881579,-1.7102093981277364,38
ubfc_d2_subject44_vid_66b401c5,train,pos,average_fusion,5.602818338494552,6.666754874995168,-0.08634070504436392,-0.3807684245862459,-1.2078369503211572,38
ubfc_d2_subject44_vid_66b401c5,train,pos,quality_weighted_fusion,5.446949406674034,6.572613953976842,-0.04350720205956798,-0.5911959597938939,-1.3022406006308629,38
ubfc_d2_subject44_vid_66b401c5,train,pos,signal_extraction_baseline,5.602821952418277,6.666753039045803,-0.08634068115558242,-0.3806804857755962,-1.2078369387624879,38
ubfc_d2_subject45_vid_73224054,train,green,single_forehead,26.006485487285413,30.678292001997363,0.21603502168168234,-23.203834634078177,-8.502160336825815,38
ubfc_d2_subject45_vid_73224054,train,green,single_left_cheek,2.842165896767064,3.8414533315956447,0.304133276873133,0.5730076840049342,-0.9525652952771317,38
ubfc_d2_subject45_vid_73224054,train,green,single_right_cheek,2.1777938039679277,3.273958372923915,0.3789560388224818,0.04697096975226151,-0.2626136817246557,38
ubfc_d2_subject45_vid_73224054,train,green,average_fusion,2.697487479762027,3.8951045098088337,0.24405720037013512,0.6256113554302015,-0.3715388078671472,38
ubfc_d2_subject45_vid_73224054,train,green,quality_weighted_fusion,2.4934158325195312,3.6788037050900555,0.26064313337342376,0.2573856554533306,0.5230909910046616,38
ubfc_d2_subject45_vid_73224054,train,green,signal_extraction_baseline,2.6976043299624792,3.895020328204207,0.2440567838842972,0.6251419468929893,-0.37153879698375003,38
ubfc_d2_subject45_vid_73224054,train,chrom,single_forehead,62.81437351829127,63.02613206568813,0.05167394946441113,-62.81437351829127,-14.676623787625104,38
ubfc_d2_subject45_vid_73224054,train,chrom,single_left_cheek,60.920643153943516,61.05711601162506,0.31820423834655676,-60.920643153943516,-13.013774721767145,38
ubfc_d2_subject45_vid_73224054,train,chrom,single_right_cheek,65.28674376638313,65.4026803971927,-0.3865386222309655,-65.28674376638313,-14.622049551008288,38
ubfc_d2_subject45_vid_73224054,train,chrom,average_fusion,63.18259881672106,63.369224693762916,0.14310401170958414,-63.18259881672106,-12.802339766466087,38
ubfc_d2_subject45_vid_73224054,train,chrom,quality_weighted_fusion,63.44561697307386,63.624504805131714,0.09157099095323759,-63.44561697307386,-12.989395614705074,38
ubfc_d2_subject45_vid_73224054,train,chrom,signal_extraction_baseline,63.18280541269403,63.36942957399185,0.14310403840935748,-63.18280541269403,-12.80233982655834,38
ubfc_d2_subject45_vid_73224054,train,pos,single_forehead,2.0694847106933594,3.124946535048043,0.4540165090674142,0.09957464117752879,1.628256852444098,38
ubfc_d2_subject45_vid_73224054,train,pos,single_left_cheek,2.8585118745502673,4.014769048811638,0.22135437197963898,0.6256113554302015,1.0307639906900112,38
ubfc_d2_subject45_vid_73224054,train,pos,single_right_cheek,2.072586461117393,3.005889946610274,0.4827492996419902,0.04697096975226151,2.000319082571675,38
ubfc_d2_subject45_vid_73224054,train,pos,average_fusion,2.230397475393195,3.366088870351777,0.38134512953003186,0.20478198402806333,2.460200134669991,38
ubfc_d2_subject45_vid_73224054,train,pos,quality_weighted_fusion,2.3356048182437292,3.3990575949185056,0.36891481537106274,0.09957464117752879,2.3563091627002546,38
ubfc_d2_subject45_vid_73224054,train,pos,signal_extraction_baseline,2.2305655228464225,3.366053188299345,0.3813447715220204,0.20431438245271383,2.4602001165850598,38
ubfc_d2_subject46_vid_06a95e8a,train,green,single_forehead,9.57494139059996,14.359087378073514,-0.5854206335485364,-9.57494139059996,-7.333377791782239,39
ubfc_d2_subject46_vid_06a95e8a,train,green,single_left_cheek,3.6300475291716747,3.9721919924661515,0.904898478015493,-3.5210958627554088,-5.248155493936641,39
ubfc_d2_subject46_vid_06a95e8a,train,green,single_right_cheek,9.67754892202524,16.90669480809089,-0.27543269920223595,-9.67754892202524,-6.80938416427098,39
ubfc_d2_subject46_vid_06a95e8a,train,green,average_fusion,4.085437285594451,4.325332290848817,0.940596337942799,-4.085437285594451,-5.884640552221888,39
ubfc_d2_subject46_vid_06a95e8a,train,green,quality_weighted_fusion,3.933655176407252,4.218698988464756,0.9313873359519113,-3.9315259884565306,-5.527715378742717,39
ubfc_d2_subject46_vid_06a95e8a,train,green,signal_extraction_baseline,4.08570568378155,4.325585811759781,0.9405963236443449,-4.08570568378155,-5.88464061059989,39
ubfc_d2_subject46_vid_06a95e8a,train,chrom,single_forehead,44.30759928776668,45.28351499376677,-0.6770193424169095,-44.30759928776668,-11.029386225393544,39
ubfc_d2_subject46_vid_06a95e8a,train,chrom,single_left_cheek,47.79625662779197,48.32747673916444,-0.3033959979803738,-47.79625662779197,-11.92111084770674,39
ubfc_d2_subject46_vid_06a95e8a,train,chrom,single_right_cheek,48.463205875494545,48.86571388810913,-0.2710180324535496,-48.463205875494545,-13.046461987770272,39
ubfc_d2_subject46_vid_06a95e8a,train,chrom,average_fusion,44.15368887094351,44.53706065335502,-0.04049481372106761,-44.15368887094351,-11.539733836087066,39
ubfc_d2_subject46_vid_06a95e8a,train,chrom,quality_weighted_fusion,44.564119192270134,45.046554293865384,-0.31157176399978515,-44.564119192270134,-11.737460321033865,39
ubfc_d2_subject46_vid_06a95e8a,train,chrom,signal_extraction_baseline,44.15384057851938,44.53721000732568,-0.04049483931750414,-44.15384057851938,-11.539733836285306,39
ubfc_d2_subject46_vid_06a95e8a,train,pos,single_forehead,3.7305475870768228,4.047414594740981,0.9176550039920226,-3.675007159893329,-3.6584322496086497,39
ubfc_d2_subject46_vid_06a95e8a,train,pos,single_left_cheek,3.7305475870768228,4.07267640134497,0.9112873866203809,-3.675007159893329,-0.9724372809570245,39
ubfc_d2_subject46_vid_06a95e8a,train,pos,single_right_cheek,3.8310476449819713,4.146076307399841,0.9261293752930251,-3.82891845703125,-2.899099091810748,39
ubfc_d2_subject46_vid_06a95e8a,train,pos,average_fusion,3.7305475870768228,4.07267640134497,0.9112873866203809,-3.675007159893329,-1.2272833858177763,39
ubfc_d2_subject46_vid_06a95e8a,train,pos,quality_weighted_fusion,3.6792438213641825,4.0096896963761495,0.9147101892071376,-3.6237033941806893,-1.1061469527536154,39
ubfc_d2_subject46_vid_06a95e8a,train,pos,signal_extraction_baseline,3.7307880108173075,4.072918634287989,0.9112873663251446,-3.6752765362079325,-1.227283355236078,39
ubfc_d2_subject47_vid_ac0494f0,train,green,single_forehead,3.268107765599301,5.429630513485571,0.39239899727620675,-1.1570065146998356,-4.770258788881953,38
ubfc_d2_subject47_vid_ac0494f0,train,green,single_left_cheek,7.1677185861687915,11.290232654223656,-0.17100922498763915,-5.313378585012336,-1.6788190247433832,38
ubfc_d2_subject47_vid_ac0494f0,train,green,single_right_cheek,7.325767517089844,11.649864972852134,-0.21307257561324267,-5.418603194387336,-0.58444884240079,38
ubfc_d2_subject47_vid_ac0494f0,train,green,average_fusion,5.9534546701531665,10.103353565956404,-0.11209414153683081,-3.8402340537623356,-0.8041889541697577,38
ubfc_d2_subject47_vid_ac0494f0,train,green,quality_weighted_fusion,7.167930603027344,11.499369629482599,-0.23409159731147663,-5.260766280324836,-0.3318672863057814,38
ubfc_d2_subject47_vid_ac0494f0,train,green,signal_extraction_baseline,5.953004335102282,10.102517675337607,-0.1120943480314218,-3.8376097428171256,-0.8041889646160518,38
ubfc_d2_subject47_vid_ac0494f0,train,chrom,single_forehead,65.44925047221936,65.85874744869292,-0.43097964225829366,-65.44925047221936,-17.573249428108603,38
ubfc_d2_subject47_vid_ac0494f0,train,chrom,single_left_cheek,65.76492430034436,66.02964248258293,0.16700993491321345,-65.76492430034436,-19.18706605916177,38
ubfc_d2_subject47_vid_ac0494f0,train,chrom,single_right_cheek,67.23806883159436,67.37385784081998,0.057142280223306835,-67.23806883159436,-17.255532976906526,38
ubfc_d2_subject47_vid_ac0494f0,train,chrom,average_fusion,64.66006590190686,64.87352405262185,0.41720724131782366,-64.66006590190686,-15.690190021008574,38
ubfc_d2_subject47_vid_ac0494f0,train,chrom,quality_weighted_fusion,65.76492430034436,65.87426738881719,0.623209625195122,-65.76492430034436,-14.599484050302909,38
ubfc_d2_subject47_vid_ac0494f0,train,chrom,signal_extraction_baseline,64.65889659680818,64.87236613907606,0.4172072818636418,-64.65889659680818,-15.690189938061994,38
ubfc_d2_subject47_vid_ac0494f0,train,pos,single_forehead,5.690354598195929,9.654014753704843,-0.08105966145986616,-3.5771725303248356,0.6545026819456257,38
ubfc_d2_subject47_vid_ac0494f0,train,pos,single_left_cheek,6.742600691945929,11.015404013069075,-0.19900876684930063,-4.524194014699836,-0.010885081284982131,38
ubfc_d2_subject47_vid_ac0494f0,train,pos,single_right_cheek,6.481735631039268,10.715956018345189,-0.1963838738455569,-4.366357100637336,0.6198735372842078,38
ubfc_d2_subject47_vid_ac0494f0,train,pos,average_fusion,6.479539168508429,10.711048774351612,-0.19829079159961902,-4.366357100637336,1.0367902985967592,38
ubfc_d2_subject47_vid_ac0494f0,train,pos,quality_weighted_fusion,6.479539168508429,10.711048774351612,-0.19829079159961902,-4.366357100637336,1.1039979103556299,38
ubfc_d2_subject47_vid_ac0494f0,train,pos,signal_extraction_baseline,6.479103891473067,10.710148707129296,-0.19829100848010475,-4.363745438425164,1.0367902993443703,38
ubfc_d2_subject48_vid_637c064a,test,green,single_forehead,35.44513501619038,35.83254508394386,0.590804921762267,-35.44513501619038,-8.711433478253117,38
ubfc_d2_subject48_vid_637c064a,test,green,single_left_cheek,35.23459665398849,35.66028948122163,0.6497095872934281,-35.23459665398849,-8.340255771319429,38
ubfc_d2_subject48_vid_637c064a,test,green,single_right_cheek,35.760942559493216,36.15427709002429,0.5991338560693066,-35.760942559493216,-8.910093927630466,38
ubfc_d2_subject48_vid_637c064a,test,green,average_fusion,35.49776960674085,35.95572112389635,0.5630732324044192,-35.49776960674085,-8.682364804312867,38
ubfc_d2_subject48_vid_637c064a,test,green,quality_weighted_fusion,35.603038687455026,36.06829777580123,0.5752326408252176,-35.603038687455026,-8.83024654431656,38
ubfc_d2_subject48_vid_637c064a,test,green,signal_extraction_baseline,35.49795672768041,35.95590255596379,0.5630732934828387,-35.49795672768041,-8.682364801624212,38
ubfc_d2_subject48_vid_637c064a,test,chrom,single_forehead,41.39284394916735,41.54223605684304,-0.06433265423837259,-41.39284394916735,-13.022825487418404,38
ubfc_d2_subject48_vid_637c064a,test,chrom,single_left_cheek,42.55080393741005,42.72290132076859,0.4092709978051544,-42.55080393741005,-11.01360008103576,38
ubfc_d2_subject48_vid_637c064a,test,chrom,single_right_cheek,43.39295859085886,43.402357832067004,0.44011550594720894,-43.39295859085886,-11.37925391861475,38
ubfc_d2_subject48_vid_637c064a,test,chrom,average_fusion,42.9192472759046,42.95011366726925,-0.419921783938815,-42.9192472759046,-10.671301125060326,38
ubfc_d2_subject48_vid_637c064a,test,chrom,quality_weighted_fusion,42.971881665681536,43.00644582072451,-0.30190636995073983,-42.971881665681536,-10.220838436099664,38
ubfc_d2_subject48_vid_637c064a,test,chrom,signal_extraction_baseline,42.91940849705746,42.95027460382665,-0.41992178393881496,-42.91940849705746,-10.671301168134548,38
ubfc_d2_subject48_vid_637c064a,test,pos,single_forehead,0.6055311905710321,0.870167698078863,0.6507214450958492,-0.6010463112278989,2.5206611657527835,38
ubfc_d2_subject48_vid_637c064a,test,pos,single_left_cheek,0.6055311905710321,0.870167698078863,0.6507214450958492,-0.6010463112278989,-1.542986532673036,38
ubfc_d2_subject48_vid_637c064a,test,pos,single_right_cheek,6.184533269781816,15.900797844033843,0.26044361042207403,-6.1803122068706315,-2.6362326503840174,38
ubfc_d2_subject48_vid_637c064a,test,pos,average_fusion,0.5531606172260485,0.8077407271576554,0.6648022329149371,-0.5484119214509663,2.6537083530688625,38
ubfc_d2_subject48_vid_637c064a,test,pos,quality_weighted_fusion,0.5531606172260485,0.8077407271576554,0.6648022329149371,-0.5484119214509663,4.460653094265605,38
ubfc_d2_subject48_vid_637c064a,test,pos,signal_extraction_baseline,0.5531770806563528,0.8079531374598627,0.6648022329149371,-0.5487247266267475,2.6537083739656238,38
ubfc_d2_subject49_vid_4852bb4f,train,green,single_forehead,37.165225591415016,37.39985143383675,0.45728747592515845,-37.165225591415016,-10.805446496237854,39
ubfc_d2_subject49_vid_4852bb4f,train,green,single_left_cheek,5.580750098595252,10.520691525574145,0.2111687017228815,-4.587698716383714,-4.956129203127137,39
ubfc_d2_subject49_vid_4852bb4f,train,green,single_right_cheek,13.670182056916065,16.711816766604027,0.5885042808376487,-13.36054444924379,-9.531628575057114,39
ubfc_d2_subject49_vid_4852bb4f,train,green,average_fusion,14.339093037140675,20.035856798170585,0.19894013455346948,-13.56575687115009,-5.747636506607064,39
ubfc_d2_subject49_vid_4852bb4f,train,green,quality_weighted_fusion,20.90211428128756,25.036041240740072,-0.5641929069412268,-20.90211428128756,-6.178613349322385,39
ubfc_d2_subject49_vid_4852bb4f,train,green,signal_extraction_baseline,14.33926538320688,20.035990298152157,0.1989400101845844,-13.566009423671625,-5.7476365164287735,39
ubfc_d2_subject49_vid_4852bb4f,train,chrom,single_forehead,37.11392309726813,37.216678103692104,0.1315725377742288,-37.11392309726813,-12.232053858759485,39
ubfc_d2_subject49_vid_4852bb4f,train,chrom,single_left_cheek,38.08868349515475,38.20391125914444,0.2479223561525974,-38.08868349515475,-12.574517041571871,39
ubfc_d2_subject49_vid_4852bb4f,train,chrom,single_right_cheek,41.52599784655449,41.78739750364547,-0.5421357148281959,-41.52599784655449,-12.925604700210592,39
ubfc_d2_subject49_vid_4852bb4f,train,chrom,average_fusion,38.13998667399088,38.2527270311229,0.15024353725645492,-38.13998667399088,-11.918800740526304,39
ubfc_d2_subject49_vid_4852bb4f,train,chrom,quality_weighted_fusion,38.7043216411884,38.78783198250617,0.35435838988894064,-38.7043216411884,-11.845718984253939,39
ubfc_d2_subject49_vid_4852bb4f,train,chrom,signal_extraction_baseline,38.14015500973432,38.252894647797625,0.15024336471036856,-38.14015500973432,-11.918800739269404,39
ubfc_d2_subject49_vid_4852bb4f,train,pos,single_forehead,1.9418602967873597,2.314081989081502,0.5947153441168829,-0.8425662700946515,3.435359981054638,39
ubfc_d2_subject49_vid_4852bb4f,train,pos,single_left_cheek,1.7897689036833935,2.20289132755533,0.6040961156631617,-0.688656733586238,3.56075496113214,39
ubfc_d2_subject49_vid_4852bb4f,train,pos,single_right_cheek,1.890557117951222,2.2701009337126408,0.6002794228926291,-0.7912630912585136,4.130651562362242,39
ubfc_d2_subject49_vid_4852bb4f,train,pos,average_fusion,1.890557117951222,2.2701009337126408,0.6002794228926291,-0.7912630912585136,5.250868403448356,39
ubfc_d2_subject49_vid_4852bb4f,train,pos,quality_weighted_fusion,1.890557117951222,2.2701009337126408,0.6002794228926291,-0.7912630912585136,5.1900917393511286,39
ubfc_d2_subject49_vid_4852bb4f,train,pos,signal_extraction_baseline,1.8906222612429888,2.270200848181202,0.6002791806956835,-0.7915575076372195,5.2508684042420795,39
ubfc_d2_subject5_vid_f73afbac,train,green,single_forehead,16.448521489682406,24.906671172769805,-0.4570291298424528,-16.448521489682406,-5.566280657624897,23
ubfc_d2_subject5_vid_f73afbac,train,green,single_left_cheek,1.1410555632218071,1.3914341792447307,0.6829973369948271,-0.7119677999745244,2.9347600771662536,23
ubfc_d2_subject5_vid_f73afbac,train,green,single_right_cheek,1.2266026372494905,1.4516043394511942,0.5765161061659017,-0.6250255418860394,3.1715445016433557,23
ubfc_d2_subject5_vid_f73afbac,train,green,average_fusion,1.1410555632218071,1.3914341792447307,0.6829973369948271,-0.7119677999745244,2.4722935815158325,23
ubfc_d2_subject5_vid_f73afbac,train,green,quality_weighted_fusion,1.1410555632218071,1.3914341792447307,0.6829973369948271,-0.7119677999745244,3.834761585654341,23
ubfc_d2_subject5_vid_f73afbac,train,green,signal_extraction_baseline,1.1410655146059783,1.391441986910071,0.6829973369948271,-0.7119830587635869,2.47229360167901,23
ubfc_d2_subject5_vid_f73afbac,train,chrom,single_forehead,54.18147377345873,54.227705253135916,0.40550815339910107,-54.18147377345873,-14.062163135050053,23
ubfc_d2_subject5_vid_f73afbac,train,chrom,single_left_cheek,53.39899345066237,53.4524710762395,0.7264022247230258,-53.39899345066237,-12.007737442723265,23
ubfc_d2_subject5_vid_f73afbac,train,chrom,single_right_cheek,54.09453118365744,54.17476112046138,-0.3626533037922876,-54.09453118365744,-12.329511731852943,23
ubfc_d2_subject5_vid_f73afbac,train,chrom,average_fusion,53.1381661788277,53.17357345092593,0.700595761781398,-53.1381661788277,-12.021878092061053,23
ubfc_d2_subject5_vid_f73afbac,train,chrom,quality_weighted_fusion,53.398993118949555,53.4427159833951,0.5969788358501343,-53.398993118949555,-12.589626977627004,23
ubfc_d2_subject5_vid_f73afbac,train,chrom,signal_extraction_baseline,53.13817231551461,53.17357952793906,0.7005957924433045,-53.13817231551461,-12.021878036833256,23
ubfc_d2_subject5_vid_f73afbac,train,pos,single_forehead,1.1410555632218071,1.3914341792447307,0.6829973369948271,-0.7119677999745244,1.1191139940130357,23
ubfc_d2_subject5_vid_f73afbac,train,pos,single_left_cheek,1.1410555632218071,1.3914341792447307,0.6829973369948271,-0.7119677999745244,2.870263988194337,23
ubfc_d2_subject5_vid_f73afbac,train,pos,single_right_cheek,1.2266026372494905,1.4516043394511942,0.5765161061659017,-0.6250255418860394,3.4010631187009412,23
ubfc_d2_subject5_vid_f73afbac,train,pos,average_fusion,1.1410555632218071,1.3914341792447307,0.6829973369948271,-0.7119677999745244,3.786177778913047,23
ubfc_d2_subject5_vid_f73afbac,train,pos,quality_weighted_fusion,1.1410555632218071,1.3914341792447307,0.6829973369948271,-0.7119677999745244,3.9270376815766843,23
ubfc_d2_subject5_vid_f73afbac,train,pos,signal_extraction_baseline,1.1410655146059783,1.391441986910071,0.6829973369948271,-0.7119830587635869,3.786177781732122,23
ubfc_d2_subject8_vid_cf94b659,train,green,single_forehead,7.345690877814042,13.559620081363267,-0.3255467880724367,-5.5721393384431535,-4.354448496995885,38
ubfc_d2_subject8_vid_cf94b659,train,green,single_left_cheek,20.337938911036442,33.61153578299329,-0.2856887386758649,-19.6193366803621,-3.4403911404981944,38
ubfc_d2_subject8_vid_cf94b659,train,green,single_right_cheek,25.862117365786904,39.26240690048167,-0.39910276921407906,-25.143515135112562,-4.391748335848337,38
ubfc_d2_subject8_vid_cf94b659,train,green,average_fusion,2.1254760340640417,2.5514813169035566,0.35639223331562636,-0.10057208412571957,-1.345181564709462,38
ubfc_d2_subject8_vid_cf94b659,train,green,quality_weighted_fusion,2.1277963738692436,2.5532829054206494,0.36004086184032635,-0.20579448499177633,-1.3745590626270627,38
ubfc_d2_subject8_vid_cf94b659,train,green,signal_extraction_baseline,2.125475230969881,2.5514797443913992,0.3563922688416336,-0.10055280986585115,-1.3451815636816935,38
ubfc_d2_subject8_vid_cf94b659,train,chrom,single_forehead,63.76015281677246,64.07155465514028,-0.4341589181031246,-63.76015281677246,-15.241719386163282,38
ubfc_d2_subject8_vid_cf94b659,train,chrom,single_left_cheek,67.28510394849275,67.34983956897491,0.3697570693484693,-67.28510394849275,-13.740640594231497,38
ubfc_d2_subject8_vid_cf94b659,train,chrom,single_right_cheek,66.86421464618884,66.932307946632,0.18597445178740862,-66.86421464618884,-13.616971642478994,38
ubfc_d2_subject8_vid_cf94b659,train,chrom,average_fusion,61.918759697362,62.16575130692745,-0.26680948833526874,-61.918759697362,-12.861101839442881,38
ubfc_d2_subject8_vid_cf94b659,train,chrom,quality_weighted_fusion,61.7609257949026,61.96481754325193,-0.2963153191245647,-61.7609257949026,-11.644674618554536,38
ubfc_d2_subject8_vid_cf94b659,train,chrom,signal_extraction_baseline,61.918750261005606,62.16574205202836,-0.2668095553820336,-61.918750261005606,-12.861101962571746,38
ubfc_d2_subject8_vid_cf94b659,train,pos,single_forehead,2.0775256909822164,2.453767372882605,0.3928152312987599,-0.5214620891370272,5.345273261603477,38
ubfc_d2_subject8_vid_cf94b659,train,pos,single_left_cheek,1.9723032901161595,2.3886124629165577,0.40284653171086965,-0.5214622899105674,3.7399282191635996,38
ubfc_d2_subject8_vid_cf94b659,train,pos,single_right_cheek,1.915010552657278,2.2686835849769644,0.4733139769144157,-0.1531833849455181,3.055625642912675,38
ubfc_d2_subject8_vid_cf94b659,train,pos,average_fusion,1.9699624714098478,2.318586741536684,0.4500125435560711,-0.3636283874511719,5.514345581038072,38
ubfc_d2_subject8_vid_cf94b659,train,pos,quality_weighted_fusion,2.0775256909822164,2.453767372882605,0.3928152312987599,-0.5214620891370272,5.836958556228456,38
ubfc_d2_subject8_vid_cf94b659,train,pos,signal_extraction_baseline,1.9699614675421464,2.318583961105861,0.4500122816458051,-0.3636085108706826,5.514345575441919,38
ubfc_d2_subject9_vid_7f8f2cc8,train,green,single_forehead,20.33070775082237,25.839864246275713,0.19064903495161525,0.27463973195929275,-9.226632632847236,38
ubfc_d2_subject9_vid_7f8f2cc8,train,green,single_left_cheek,34.31671845285516,42.18801766183998,-0.3917175128049237,-31.57448919195878,-8.166153318339012,38
ubfc_d2_subject9_vid_7f8f2cc8,train,green,single_right_cheek,30.42613862690173,40.23645598517793,-0.5699526160657562,-28.100039030376234,-8.58814973924228,38
ubfc_d2_subject9_vid_7f8f2cc8,train,green,average_fusion,18.681691420705693,30.473484470924745,-0.418189228705514,-16.255321502685547,-7.264868461530245,38
ubfc_d2_subject9_vid_7f8f2cc8,train,green,quality_weighted_fusion,31.895131864045794,40.872621221845215,-0.4517604752209845,-29.574048393651058,-7.764090228707085,38
ubfc_d2_subject9_vid_7f8f2cc8,train,green,signal_extraction_baseline,18.682133524041426,30.47368057436527,-0.4181892549157438,-16.255911776894017,-7.264868445430377,38
ubfc_d2_subject9_vid_7f8f2cc8,train,chrom,single_forehead,68.26679330123098,68.58731721836664,-0.6899171892831033,-68.26679330123098,-16.855437326946205,38
ubfc_d2_subject9_vid_7f8f2cc8,train,chrom,single_left_cheek,67.63507351122405,67.90333710001431,-0.12760256767232755,-67.63507351122405,-16.113431947126276,38
ubfc_d2_subject9_vid_7f8f2cc8,train,chrom,single_right_cheek,65.79256238435444,66.10851685396759,-0.008048980607325167,-65.79256238435444,-17.774785547072444,38
ubfc_d2_subject9_vid_7f8f2cc8,train,chrom,average_fusion,66.84542655944824,67.23211279532035,-0.5072915218312488,-66.84542655944824,-16.058260705659727,38
ubfc_d2_subject9_vid_7f8f2cc8,train,chrom,quality_weighted_fusion,67.68771743774414,67.96308986317156,-0.48847081927885727,-67.68771743774414,-14.505977781875165,38
ubfc_d2_subject9_vid_7f8f2cc8,train,chrom,signal_extraction_baseline,66.8457058354428,67.23238888546626,-0.5072915460180537,-66.8457058354428,-16.058260607931146,38
ubfc_d2_subject9_vid_7f8f2cc8,train,pos,single_forehead,4.994461661890933,6.152684860009113,0.38917951695298214,-3.3050964757015833,-5.858425185052139,38
ubfc_d2_subject9_vid_7f8f2cc8,train,pos,single_left_cheek,5.047104283383018,6.180503772294402,0.2475898760090507,-2.7260208129882812,-4.5479329341511265,38
ubfc_d2_subject9_vid_7f8f2cc8,train,pos,single_right_cheek,4.9418180365311475,6.089940275764684,0.2374271930902585,-2.6207345661364103,-5.110918058028321,38
ubfc_d2_subject9_vid_7f8f2cc8,train,pos,average_fusion,5.047104484156558,6.163430053528826,0.23848439833612492,-2.7260210137618217,-4.0191321685074,38
ubfc_d2_subject9_vid_7f8f2cc8,train,pos,quality_weighted_fusion,4.994461461117393,6.146533659205689,0.23883286275099555,-2.6733779907226562,-4.081991552248217,38
ubfc_d2_subject9_vid_7f8f2cc8,train,pos,signal_extraction_baseline,5.047631313926296,6.163719982841637,0.23848433711013542,-2.7266956128572164,-4.0191321882631765,38
